"customer_id","txn_date","txn_type","txn_amount","running_balance"
1,"2020-01-02","deposit",312,312
1,"2020-03-05","purchase",612,-300
1,"2020-03-17","deposit",324,24
1,"2020-03-19","purchase",664,-640
2,"2020-01-03","deposit",549,549
2,"2020-03-24","deposit",61,610
3,"2020-01-27","deposit",144,144
3,"2020-02-22","purchase",965,-821
3,"2020-03-05","withdrawal",213,-1034
3,"2020-03-19","withdrawal",188,-1222
3,"2020-04-12","deposit",493,-729
4,"2020-01-07","deposit",458,458
4,"2020-01-21","deposit",390,848
4,"2020-03-25","purchase",193,655
5,"2020-01-15","deposit",974,974
5,"2020-01-25","deposit",806,1780
5,"2020-01-31","withdrawal",826,954
5,"2020-03-02","purchase",886,68
5,"2020-03-19","deposit",718,786
5,"2020-03-26","withdrawal",786,0
5,"2020-03-27","withdrawal",700,-700
5,"2020-03-27","deposit",412,-288
5,"2020-03-29","purchase",852,-1140
5,"2020-03-31","purchase",783,-1923
5,"2020-04-02","withdrawal",490,-2413
6,"2020-01-11","deposit",831,831
6,"2020-01-14","purchase",11,820
6,"2020-01-14","purchase",40,780
6,"2020-01-18","purchase",66,714
6,"2020-01-25","deposit",796,1510
6,"2020-01-28","purchase",777,733
6,"2020-02-10","purchase",962,-229
6,"2020-02-24","deposit",240,11
6,"2020-02-27","deposit",106,117
6,"2020-02-27","withdrawal",169,-52
6,"2020-03-01","withdrawal",500,-552
6,"2020-03-03","deposit",582,30
6,"2020-03-04","deposit",250,280
6,"2020-03-10","deposit",619,899
6,"2020-03-15","deposit",763,1662
6,"2020-03-16","deposit",535,2197
6,"2020-03-23","purchase",968,1229
6,"2020-03-26","withdrawal",484,745
6,"2020-03-31","withdrawal",405,340
7,"2020-01-20","deposit",964,964
7,"2020-02-03","purchase",77,887
7,"2020-02-06","deposit",688,1575
7,"2020-02-11","deposit",93,1668
7,"2020-02-22","deposit",617,2285
7,"2020-02-29","deposit",888,3173
7,"2020-03-03","purchase",328,2845
7,"2020-03-04","withdrawal",29,2816
7,"2020-03-10","deposit",723,3539
7,"2020-03-16","purchase",962,2577
7,"2020-03-22","withdrawal",44,2533
7,"2020-04-04","withdrawal",525,2008
7,"2020-04-17","deposit",615,2623
8,"2020-01-15","deposit",207,207
8,"2020-01-28","purchase",566,-359
8,"2020-01-30","deposit",946,587
8,"2020-02-06","withdrawal",180,407
8,"2020-03-05","deposit",956,1363
8,"2020-03-27","withdrawal",775,588
8,"2020-03-28","withdrawal",178,410
8,"2020-03-30","purchase",467,-57
8,"2020-04-11","purchase",323,-380
8,"2020-04-13","purchase",649,-1029
9,"2020-01-21","deposit",669,669
9,"2020-01-25","deposit",180,849
9,"2020-02-15","withdrawal",195,654
9,"2020-03-04","deposit",381,1035
9,"2020-03-05","deposit",982,2017
9,"2020-03-10","deposit",13,2030
9,"2020-03-16","withdrawal",446,1584
9,"2020-04-09","withdrawal",976,608
9,"2020-04-10","withdrawal",699,-91
9,"2020-04-16","deposit",953,862
10,"2020-01-13","deposit",556,556
10,"2020-01-15","purchase",775,-219
10,"2020-01-18","withdrawal",738,-957
10,"2020-01-18","purchase",437,-1394
10,"2020-01-24","withdrawal",746,-2140
10,"2020-01-26","deposit",518,-1622
10,"2020-02-04","withdrawal",830,-2452
10,"2020-02-05","deposit",925,-1527
10,"2020-02-08","purchase",214,-1741
10,"2020-02-13","deposit",399,-1342
10,"2020-03-03","purchase",983,-2325
10,"2020-03-04","withdrawal",282,-2607
10,"2020-03-26","purchase",146,-2753
10,"2020-04-04","withdrawal",328,-3081
10,"2020-04-06","deposit",307,-2774
10,"2020-04-09","withdrawal",492,-3266
10,"2020-04-09","purchase",850,-4116
10,"2020-04-10","purchase",974,-5090
11,"2020-01-19","deposit",60,60
11,"2020-01-20","purchase",409,-349
11,"2020-01-20","purchase",947,-1296
11,"2020-01-20","purchase",448,-1744
11,"2020-02-04","withdrawal",350,-2094
11,"2020-02-25","withdrawal",375,-2469
11,"2020-03-07","deposit",320,-2149
11,"2020-03-15","deposit",549,-1600
11,"2020-03-19","purchase",806,-2406
11,"2020-03-19","deposit",316,-2090
11,"2020-03-20","purchase",302,-2392
11,"2020-03-20","withdrawal",137,-2529
11,"2020-03-23","deposit",178,-2351
11,"2020-03-24","deposit",852,-1499
11,"2020-03-31","purchase",10,-1509
11,"2020-03-31","purchase",579,-2088
11,"2020-04-16","withdrawal",328,-2416
12,"2020-01-13","deposit",202,202
12,"2020-01-28","withdrawal",110,92
12,"2020-03-18","withdrawal",739,-647
12,"2020-03-23","deposit",942,295
13,"2020-01-02","deposit",566,566
13,"2020-01-04","withdrawal",87,479
13,"2020-01-08","deposit",107,586
13,"2020-01-22","deposit",858,1444
13,"2020-01-28","purchase",664,780
13,"2020-02-04","deposit",55,835
13,"2020-02-12","withdrawal",456,379
13,"2020-02-13","deposit",149,528
13,"2020-02-13","deposit",751,1279
13,"2020-03-09","withdrawal",543,736
13,"2020-03-13","withdrawal",95,641
13,"2020-03-14","deposit",665,1306
13,"2020-03-16","deposit",99,1405
14,"2020-01-25","deposit",205,205
14,"2020-02-22","deposit",616,821
14,"2020-04-05","deposit",756,1577
14,"2020-04-05","withdrawal",588,989
15,"2020-01-25","deposit",379,379
15,"2020-04-02","deposit",723,1102
16,"2020-01-13","deposit",421,421
16,"2020-01-17","purchase",529,-108
16,"2020-01-17","withdrawal",814,-922
16,"2020-01-20","purchase",159,-1081
16,"2020-01-22","deposit",239,-842
16,"2020-01-22","purchase",730,-1572
16,"2020-01-25","purchase",160,-1732
16,"2020-01-30","deposit",391,-1341
16,"2020-02-02","deposit",919,-422
16,"2020-02-09","withdrawal",429,-851
16,"2020-02-13","purchase",599,-1450
16,"2020-02-13","withdrawal",928,-2378
16,"2020-02-26","purchase",515,-2893
16,"2020-03-01","withdrawal",314,-3207
16,"2020-03-13","purchase",903,-4110
16,"2020-03-23","withdrawal",174,-4284
16,"2020-04-11","deposit",862,-3422
17,"2020-01-19","deposit",465,465
17,"2020-02-09","withdrawal",915,-450
17,"2020-02-28","purchase",442,-892
18,"2020-01-17","deposit",757,757
18,"2020-02-06","withdrawal",865,-108
18,"2020-02-13","purchase",316,-424
18,"2020-03-08","withdrawal",588,-1012
18,"2020-03-12","deposit",354,-658
18,"2020-03-17","withdrawal",558,-1216
18,"2020-03-25","deposit",374,-842
18,"2020-04-03","deposit",27,-815
19,"2020-01-17","deposit",47,47
19,"2020-01-22","purchase",59,-12
19,"2020-02-06","withdrawal",61,-73
19,"2020-02-21","purchase",178,-251
19,"2020-03-03","deposit",509,258
19,"2020-03-10","withdrawal",559,-301
19,"2020-04-07","deposit",343,42
20,"2020-01-18","deposit",868,868
20,"2020-01-28","withdrawal",403,465
20,"2020-02-06","deposit",512,977
20,"2020-02-13","deposit",40,1017
20,"2020-02-15","withdrawal",156,861
20,"2020-02-24","withdrawal",342,519
20,"2020-03-10","deposit",257,776
21,"2020-01-12","deposit",298,298
21,"2020-01-12","deposit",28,326
21,"2020-01-15","withdrawal",497,-171
21,"2020-01-20","purchase",445,-616
21,"2020-01-27","deposit",412,-204
21,"2020-02-07","purchase",637,-841
21,"2020-02-18","purchase",348,-1189
21,"2020-02-26","deposit",694,-495
21,"2020-02-28","withdrawal",269,-764
21,"2020-03-03","withdrawal",605,-1369
21,"2020-03-03","purchase",28,-1397
21,"2020-03-06","deposit",713,-684
21,"2020-03-17","deposit",103,-581
21,"2020-03-22","withdrawal",406,-987
21,"2020-03-23","purchase",489,-1476
21,"2020-03-30","withdrawal",398,-1874
21,"2020-04-03","withdrawal",531,-2405
21,"2020-04-04","withdrawal",848,-3253
22,"2020-01-19","deposit",794,794
22,"2020-01-28","purchase",559,235
22,"2020-02-02","deposit",490,725
22,"2020-02-04","withdrawal",544,181
22,"2020-02-09","purchase",842,-661
22,"2020-02-11","purchase",783,-1444
22,"2020-02-24","deposit",272,-1172
22,"2020-02-26","deposit",863,-309
22,"2020-02-29","withdrawal",730,-1039
22,"2020-03-05","deposit",532,-507
22,"2020-03-16","deposit",865,358
22,"2020-03-17","withdrawal",370,-12
22,"2020-03-27","purchase",394,-406
22,"2020-03-29","deposit",801,395
22,"2020-03-30","withdrawal",544,-149
22,"2020-04-05","withdrawal",80,-229
22,"2020-04-09","deposit",728,499
22,"2020-04-14","withdrawal",875,-376
22,"2020-04-17","purchase",982,-1358
23,"2020-01-21","deposit",334,334
23,"2020-01-22","purchase",240,94
23,"2020-02-12","withdrawal",408,-314
23,"2020-03-08","deposit",834,520
23,"2020-03-31","purchase",676,-156
23,"2020-04-08","withdrawal",522,-678
24,"2020-01-26","deposit",615,615
24,"2020-02-07","withdrawal",505,110
24,"2020-02-09","withdrawal",149,-39
24,"2020-02-12","deposit",440,401
24,"2020-02-12","purchase",218,183
24,"2020-02-17","deposit",275,458
24,"2020-02-29","deposit",355,813
24,"2020-03-06","purchase",289,524
24,"2020-03-09","deposit",275,799
24,"2020-03-09","purchase",545,254
25,"2020-01-28","deposit",174,174
25,"2020-02-08","deposit",259,433
25,"2020-02-13","withdrawal",833,-400
25,"2020-03-05","deposit",430,30
25,"2020-03-09","withdrawal",123,-93
25,"2020-03-18","withdrawal",629,-722
25,"2020-03-19","deposit",185,-537
25,"2020-03-21","purchase",683,-1220
25,"2020-04-09","deposit",769,-451
25,"2020-04-17","deposit",432,-19
25,"2020-04-24","withdrawal",285,-304
26,"2020-01-17","deposit",878,878
26,"2020-01-26","withdrawal",338,540
26,"2020-01-26","deposit",98,638
26,"2020-02-06","purchase",352,286
26,"2020-02-27","withdrawal",300,-14
26,"2020-02-27","withdrawal",17,-31
26,"2020-03-06","deposit",192,161
26,"2020-03-10","withdrawal",381,-220
26,"2020-03-11","withdrawal",437,-657
26,"2020-03-13","deposit",35,-622
26,"2020-04-04","withdrawal",456,-1078
26,"2020-04-13","withdrawal",792,-1870
27,"2020-01-01","deposit",809,809
27,"2020-01-02","withdrawal",604,205
27,"2020-01-05","deposit",161,366
27,"2020-01-08","deposit",134,500
27,"2020-01-16","withdrawal",263,237
27,"2020-01-21","purchase",843,-606
27,"2020-01-25","withdrawal",583,-1189
27,"2020-02-02","withdrawal",666,-1855
27,"2020-02-07","deposit",734,-1121
27,"2020-02-14","withdrawal",690,-1811
27,"2020-02-16","purchase",505,-2316
27,"2020-02-25","deposit",692,-1624
27,"2020-02-28","deposit",911,-713
27,"2020-03-03","purchase",769,-1482
27,"2020-03-11","withdrawal",992,-2474
27,"2020-03-12","purchase",175,-2649
27,"2020-03-13","deposit",71,-2578
27,"2020-03-14","purchase",490,-3068
27,"2020-03-16","deposit",521,-2547
27,"2020-03-25","purchase",569,-3116
28,"2020-01-20","deposit",451,451
28,"2020-02-02","withdrawal",387,64
28,"2020-02-12","purchase",882,-818
28,"2020-03-16","deposit",274,-544
28,"2020-03-17","withdrawal",501,-1045
28,"2020-03-25","purchase",183,-1228
28,"2020-04-06","deposit",677,-551
28,"2020-04-17","deposit",823,272
29,"2020-01-19","deposit",217,217
29,"2020-01-25","withdrawal",522,-305
29,"2020-01-28","withdrawal",360,-665
29,"2020-01-31","deposit",527,-138
29,"2020-02-09","deposit",937,799
29,"2020-02-13","purchase",509,290
29,"2020-02-15","purchase",366,-76
29,"2020-03-03","withdrawal",834,-910
29,"2020-03-07","deposit",606,-304
29,"2020-03-16","withdrawal",1,-305
29,"2020-03-20","deposit",335,30
29,"2020-03-24","deposit",948,978
29,"2020-03-25","withdrawal",147,831
29,"2020-04-10","withdrawal",682,149
29,"2020-04-10","deposit",800,949
29,"2020-04-16","purchase",576,373
29,"2020-04-17","withdrawal",921,-548
30,"2020-01-26","deposit",33,33
30,"2020-02-28","withdrawal",464,-431
30,"2020-04-01","deposit",392,-39
30,"2020-04-24","deposit",547,508
31,"2020-01-06","deposit",83,83
31,"2020-03-06","purchase",247,-164
31,"2020-03-18","withdrawal",929,-1093
31,"2020-03-24","deposit",952,-141
32,"2020-01-12","deposit",812,812
32,"2020-01-15","purchase",352,460
32,"2020-01-19","purchase",527,-67
32,"2020-01-28","deposit",0,-67
32,"2020-01-28","deposit",97,30
32,"2020-01-29","withdrawal",119,-89
32,"2020-02-09","deposit",957,868
32,"2020-02-12","deposit",215,1083
32,"2020-02-24","withdrawal",707,376
32,"2020-03-10","purchase",483,-107
32,"2020-03-15","withdrawal",517,-624
32,"2020-03-16","purchase",219,-843
32,"2020-04-07","purchase",158,-1001
33,"2020-01-24","deposit",473,473
33,"2020-02-05","withdrawal",321,152
33,"2020-02-08","deposit",176,328
33,"2020-02-14","purchase",778,-450
33,"2020-02-26","deposit",334,-116
33,"2020-03-01","purchase",581,-697
33,"2020-03-01","deposit",18,-679
33,"2020-03-03","deposit",260,-419
33,"2020-03-08","withdrawal",63,-482
33,"2020-03-15","deposit",454,-28
33,"2020-03-18","deposit",732,704
33,"2020-03-26","purchase",351,353
33,"2020-03-29","deposit",872,1225
33,"2020-04-01","purchase",375,850
33,"2020-04-08","purchase",559,291
33,"2020-04-09","deposit",602,893
33,"2020-04-18","deposit",184,1077
33,"2020-04-22","withdrawal",88,989
34,"2020-01-30","deposit",976,976
34,"2020-02-01","purchase",396,580
34,"2020-02-13","withdrawal",510,70
34,"2020-02-26","withdrawal",417,-347
34,"2020-03-05","purchase",165,-512
34,"2020-03-06","deposit",327,-185
35,"2020-01-17","deposit",936,936
35,"2020-01-19","purchase",159,777
35,"2020-01-25","deposit",472,1249
35,"2020-01-25","withdrawal",403,846
35,"2020-01-26","purchase",339,507
35,"2020-02-03","withdrawal",733,-226
35,"2020-02-06","purchase",595,-821
35,"2020-03-01","deposit",305,-516
35,"2020-03-01","purchase",778,-1294
35,"2020-03-13","purchase",706,-2000
35,"2020-03-18","deposit",664,-1336
35,"2020-03-20","deposit",500,-836
35,"2020-03-30","purchase",327,-1163
36,"2020-01-30","deposit",149,149
36,"2020-02-09","deposit",990,1139
36,"2020-02-12","withdrawal",849,290
36,"2020-03-16","purchase",280,10
36,"2020-03-16","deposit",86,96
36,"2020-03-19","deposit",421,517
36,"2020-03-28","deposit",524,1041
36,"2020-04-22","deposit",560,1601
36,"2020-04-28","purchase",610,991
36,"2020-04-28","purchase",564,427
37,"2020-01-29","deposit",946,946
37,"2020-01-30","purchase",861,85
37,"2020-02-03","purchase",331,-246
37,"2020-02-06","deposit",544,298
37,"2020-02-08","purchase",922,-624
37,"2020-02-11","deposit",630,6
37,"2020-02-15","deposit",356,362
37,"2020-02-17","deposit",666,1028
37,"2020-02-20","deposit",711,1739
37,"2020-02-28","purchase",837,902
37,"2020-03-01","withdrawal",54,848
37,"2020-03-12","withdrawal",360,488
37,"2020-03-23","purchase",351,137
37,"2020-03-30","purchase",396,-259
37,"2020-03-30","withdrawal",810,-1069
37,"2020-04-12","purchase",80,-1149
37,"2020-04-14","deposit",371,-778
37,"2020-04-14","withdrawal",812,-1590
37,"2020-04-17","deposit",190,-1400
37,"2020-04-24","deposit",371,-1029
37,"2020-04-25","deposit",730,-299
37,"2020-04-26","purchase",660,-959
38,"2020-01-21","purchase",28,-28
38,"2020-01-21","deposit",367,339
38,"2020-01-27","purchase",700,-361
38,"2020-01-30","deposit",728,367
38,"2020-02-11","deposit",475,842
38,"2020-02-14","purchase",894,-52
38,"2020-02-14","deposit",83,31
38,"2020-02-21","purchase",496,-465
38,"2020-03-04","purchase",788,-1253
38,"2020-03-07","purchase",42,-1295
38,"2020-03-16","deposit",410,-885
38,"2020-03-18","deposit",354,-531
38,"2020-03-18","purchase",128,-659
38,"2020-03-22","deposit",724,65
38,"2020-03-25","purchase",628,-563
38,"2020-03-26","purchase",235,-798
38,"2020-04-07","deposit",759,-39
38,"2020-04-11","deposit",152,113
38,"2020-04-19","withdrawal",409,-296
38,"2020-04-19","purchase",950,-1246
39,"2020-01-22","deposit",996,996
39,"2020-01-22","deposit",433,1429
39,"2020-02-01","deposit",608,2037
39,"2020-02-10","deposit",73,2110
39,"2020-02-15","deposit",792,2902
39,"2020-02-19","withdrawal",281,2621
39,"2020-02-27","purchase",233,2388
39,"2020-03-04","deposit",536,2924
39,"2020-03-25","withdrawal",409,2515
39,"2020-03-27","withdrawal",55,2460
39,"2020-04-01","purchase",375,2085
39,"2020-04-04","purchase",28,2057
39,"2020-04-08","withdrawal",240,1817
39,"2020-04-09","deposit",939,2756
39,"2020-04-09","withdrawal",529,2227
39,"2020-04-13","withdrawal",644,1583
39,"2020-04-17","deposit",933,2516
40,"2020-01-21","deposit",857,857
40,"2020-01-26","withdrawal",510,347
40,"2020-02-11","deposit",914,1261
40,"2020-02-13","withdrawal",630,631
40,"2020-02-16","purchase",737,-106
40,"2020-02-20","deposit",401,295
40,"2020-03-05","deposit",934,1229
40,"2020-03-11","purchase",275,954
40,"2020-03-20","purchase",712,242
40,"2020-03-25","deposit",417,659
40,"2020-04-03","withdrawal",867,-208
41,"2020-01-30","deposit",790,790
41,"2020-01-31","withdrawal",836,-46
41,"2020-02-02","deposit",443,397
41,"2020-02-06","deposit",84,481
41,"2020-02-23","deposit",898,1379
41,"2020-03-05","deposit",914,2293
41,"2020-03-12","purchase",293,2000
41,"2020-03-12","deposit",151,2151
41,"2020-03-15","purchase",397,1754
41,"2020-03-22","deposit",232,1986
41,"2020-03-23","deposit",582,2568
41,"2020-03-25","deposit",872,3440
41,"2020-03-26","deposit",65,3505
41,"2020-03-26","purchase",617,2888
41,"2020-03-27","deposit",689,3577
41,"2020-03-30","purchase",136,3441
41,"2020-04-04","withdrawal",177,3264
41,"2020-04-25","withdrawal",739,2525
42,"2020-01-11","deposit",154,154
42,"2020-01-21","deposit",989,1143
42,"2020-01-28","withdrawal",696,447
42,"2020-02-04","purchase",457,-10
42,"2020-02-09","deposit",9,-1
42,"2020-02-14","deposit",900,899
42,"2020-02-24","purchase",897,2
42,"2020-02-25","deposit",210,212
42,"2020-02-29","deposit",855,1067
42,"2020-03-02","purchase",675,392
42,"2020-03-03","withdrawal",163,229
42,"2020-03-14","purchase",662,-433
42,"2020-03-30","purchase",454,-887
42,"2020-04-09","withdrawal",999,-1886
43,"2020-01-28","deposit",318,318
43,"2020-01-31","withdrawal",519,-201
43,"2020-02-09","deposit",875,674
43,"2020-02-14","withdrawal",96,578
43,"2020-02-20","purchase",314,264
43,"2020-02-23","purchase",670,-406
43,"2020-03-08","deposit",971,565
43,"2020-03-18","withdrawal",412,153
43,"2020-03-27","deposit",716,869
43,"2020-04-07","purchase",842,27
43,"2020-04-24","deposit",518,545
44,"2020-01-19","deposit",71,71
44,"2020-01-20","withdrawal",761,-690
44,"2020-02-12","deposit",671,-19
44,"2020-04-08","purchase",320,-339
45,"2020-01-14","deposit",650,650
45,"2020-01-15","deposit",392,1042
45,"2020-01-16","purchase",296,746
45,"2020-01-17","deposit",915,1661
45,"2020-01-18","purchase",281,1380
45,"2020-01-24","withdrawal",656,724
45,"2020-01-25","deposit",997,1721
45,"2020-01-27","purchase",465,1256
45,"2020-01-30","purchase",316,940
45,"2020-02-03","withdrawal",760,180
45,"2020-02-13","withdrawal",11,169
45,"2020-02-15","withdrawal",10,159
45,"2020-02-18","withdrawal",983,-824
45,"2020-02-28","purchase",328,-1152
45,"2020-03-05","deposit",357,-795
45,"2020-03-09","deposit",609,-186
45,"2020-03-29","deposit",434,248
45,"2020-03-31","deposit",336,584
46,"2020-01-23","deposit",356,356
46,"2020-01-24","purchase",495,-139
46,"2020-01-31","deposit",661,522
46,"2020-02-15","purchase",104,418
46,"2020-02-16","deposit",970,1388
46,"2020-03-03","deposit",101,1489
46,"2020-03-04","purchase",294,1195
46,"2020-03-14","purchase",574,621
46,"2020-03-23","withdrawal",541,80
46,"2020-04-01","purchase",885,-805
46,"2020-04-03","deposit",631,-174
46,"2020-04-14","purchase",152,-326
46,"2020-04-20","deposit",430,104
47,"2020-01-22","deposit",203,203
47,"2020-01-22","purchase",447,-244
47,"2020-01-26","withdrawal",554,-798
47,"2020-01-31","withdrawal",822,-1620
47,"2020-01-31","deposit",467,-1153
47,"2020-02-03","purchase",35,-1188
47,"2020-02-04","withdrawal",647,-1835
47,"2020-02-12","deposit",496,-1339
47,"2020-02-14","deposit",307,-1032
47,"2020-02-14","purchase",532,-1564
47,"2020-02-26","deposit",281,-1283
47,"2020-03-05","purchase",466,-1749
47,"2020-03-15","withdrawal",707,-2456
47,"2020-03-26","withdrawal",275,-2731
47,"2020-03-28","deposit",867,-1864
47,"2020-03-31","withdrawal",998,-2862
47,"2020-04-08","purchase",307,-3169
48,"2020-01-01","deposit",427,427
48,"2020-01-09","withdrawal",784,-357
48,"2020-01-14","purchase",144,-501
48,"2020-01-14","purchase",534,-1035
48,"2020-01-23","purchase",339,-1374
48,"2020-01-23","withdrawal",955,-2329
48,"2020-01-23","withdrawal",440,-2769
48,"2020-01-25","withdrawal",236,-3005
48,"2020-01-27","deposit",166,-2839
48,"2020-01-29","deposit",471,-2368
48,"2020-02-05","purchase",950,-3318
48,"2020-02-15","withdrawal",199,-3517
48,"2020-02-16","purchase",84,-3601
48,"2020-02-17","withdrawal",38,-3639
48,"2020-02-23","deposit",856,-2783
48,"2020-02-29","withdrawal",189,-2972
48,"2020-03-07","purchase",600,-3572
48,"2020-03-17","deposit",472,-3100
48,"2020-03-26","purchase",645,-3745
49,"2020-01-04","deposit",432,432
49,"2020-01-15","purchase",127,305
49,"2020-01-19","withdrawal",712,-407
49,"2020-01-25","deposit",541,134
49,"2020-01-27","withdrawal",531,-397
49,"2020-02-11","withdrawal",790,-1187
49,"2020-02-24","deposit",83,-1104
49,"2020-02-28","deposit",510,-594
49,"2020-03-02","deposit",295,-299
49,"2020-03-02","withdrawal",681,-980
49,"2020-03-04","deposit",699,-281
49,"2020-03-05","purchase",806,-1087
49,"2020-03-14","deposit",366,-721
49,"2020-03-20","purchase",85,-806
49,"2020-03-21","purchase",521,-1327
49,"2020-03-23","deposit",760,-567
49,"2020-03-25","withdrawal",736,-1303
49,"2020-03-27","purchase",644,-1947
49,"2020-03-30","purchase",609,-2556
50,"2020-01-29","deposit",899,899
50,"2020-01-31","deposit",32,931
50,"2020-02-02","withdrawal",774,157
50,"2020-02-08","withdrawal",870,-713
50,"2020-02-13","deposit",279,-434
50,"2020-02-18","purchase",240,-674
50,"2020-03-01","deposit",249,-425
50,"2020-03-10","deposit",640,215
50,"2020-03-13","purchase",324,-109
50,"2020-03-20","withdrawal",21,-130
50,"2020-03-22","deposit",969,839
50,"2020-03-24","purchase",564,275
50,"2020-04-14","purchase",60,215
50,"2020-04-24","deposit",235,450
51,"2020-01-20","deposit",367,367
51,"2020-01-25","withdrawal",66,301
51,"2020-02-01","purchase",905,-604
51,"2020-02-02","purchase",150,-754
51,"2020-02-22","deposit",49,-705
51,"2020-02-29","deposit",608,-97
51,"2020-03-19","deposit",707,610
51,"2020-03-22","deposit",760,1370
51,"2020-03-27","purchase",591,779
51,"2020-04-12","deposit",72,851
51,"2020-04-16","deposit",513,1364
52,"2020-01-12","deposit",908,908
52,"2020-01-26","deposit",232,1140
52,"2020-02-05","deposit",819,1959
52,"2020-02-15","deposit",653,2612
53,"2020-01-24","deposit",22,22
53,"2020-02-04","deposit",188,210
53,"2020-03-21","purchase",285,-75
53,"2020-03-23","withdrawal",881,-956
53,"2020-03-24","deposit",228,-728
53,"2020-04-20","purchase",187,-915
53,"2020-04-20","deposit",933,18
53,"2020-04-22","deposit",209,227
54,"2020-01-09","deposit",138,138
54,"2020-01-26","deposit",736,874
54,"2020-01-29","deposit",677,1551
54,"2020-01-30","deposit",107,1658
54,"2020-02-19","purchase",29,1629
54,"2020-03-24","purchase",922,707
54,"2020-03-29","withdrawal",174,533
54,"2020-04-03","deposit",435,968
55,"2020-01-25","deposit",380,380
55,"2020-02-01","purchase",558,-178
55,"2020-02-12","withdrawal",570,-748
55,"2020-02-15","deposit",408,-340
55,"2020-02-15","purchase",806,-1146
55,"2020-02-17","deposit",139,-1007
55,"2020-02-28","deposit",597,-410
55,"2020-03-03","withdrawal",55,-465
55,"2020-03-23","deposit",814,349
55,"2020-04-02","purchase",585,-236
55,"2020-04-06","purchase",277,-513
56,"2020-01-18","deposit",864,864
56,"2020-01-23","withdrawal",412,452
56,"2020-01-29","purchase",519,-67
56,"2020-02-01","deposit",122,55
56,"2020-02-05","purchase",735,-680
56,"2020-02-12","purchase",213,-893
56,"2020-02-14","purchase",37,-930
56,"2020-02-17","withdrawal",716,-1646
56,"2020-03-02","withdrawal",523,-2169
56,"2020-03-03","purchase",744,-2913
56,"2020-03-07","deposit",224,-2689
56,"2020-03-13","purchase",99,-2788
56,"2020-03-20","deposit",218,-2570
56,"2020-03-30","deposit",495,-2075
56,"2020-04-02","deposit",117,-1958
56,"2020-04-04","withdrawal",302,-2260
56,"2020-04-07","purchase",873,-3133
56,"2020-04-08","withdrawal",326,-3459
56,"2020-04-12","withdrawal",407,-3866
57,"2020-01-06","deposit",907,907
57,"2020-01-21","purchase",469,438
57,"2020-01-24","purchase",202,236
57,"2020-01-24","deposit",178,414
57,"2020-02-13","purchase",515,-101
57,"2020-03-03","purchase",765,-866
58,"2020-01-11","deposit",726,726
58,"2020-01-13","withdrawal",775,-49
58,"2020-01-19","deposit",432,383
58,"2020-02-02","deposit",866,1249
58,"2020-02-08","deposit",333,1582
58,"2020-02-14","purchase",415,1167
58,"2020-02-25","deposit",937,2104
58,"2020-02-28","purchase",407,1697
58,"2020-03-06","withdrawal",425,1272
58,"2020-03-10","purchase",358,914
58,"2020-03-17","withdrawal",210,704
58,"2020-03-20","withdrawal",939,-235
58,"2020-03-22","purchase",958,-1193
58,"2020-03-23","deposit",237,-956
58,"2020-03-27","purchase",240,-1196
58,"2020-04-02","purchase",384,-1580
58,"2020-04-02","deposit",945,-635
59,"2020-01-20","deposit",924,924
59,"2020-02-07","deposit",570,1494
59,"2020-02-09","deposit",50,1544
59,"2020-02-13","deposit",646,2190
59,"2020-03-02","withdrawal",105,2085
59,"2020-03-26","withdrawal",433,1652
59,"2020-04-15","purchase",854,798
60,"2020-01-19","deposit",495,495
60,"2020-01-26","deposit",113,608
60,"2020-01-30","purchase",797,-189
60,"2020-02-01","deposit",857,668
60,"2020-03-02","deposit",188,856
60,"2020-03-16","withdrawal",674,182
60,"2020-03-31","withdrawal",927,-745
60,"2020-04-02","withdrawal",424,-1169
61,"2020-01-21","deposit",319,319
61,"2020-01-22","purchase",752,-433
61,"2020-01-24","deposit",587,154
61,"2020-01-29","withdrawal",14,140
61,"2020-01-29","deposit",82,222
61,"2020-02-02","deposit",518,740
61,"2020-02-06","deposit",6,746
61,"2020-02-09","withdrawal",689,57
61,"2020-02-19","deposit",332,389
61,"2020-02-29","withdrawal",66,323
61,"2020-03-17","deposit",897,1220
61,"2020-03-17","withdrawal",509,711
61,"2020-03-18","deposit",322,1033
61,"2020-03-23","purchase",309,724
61,"2020-03-24","withdrawal",989,-265
61,"2020-03-26","withdrawal",497,-762
61,"2020-03-26","withdrawal",773,-1535
61,"2020-03-27","purchase",552,-2087
61,"2020-03-31","purchase",480,-2567
61,"2020-03-31","deposit",857,-1710
61,"2020-04-04","purchase",845,-2555
61,"2020-04-15","deposit",318,-2237
62,"2020-01-16","deposit",218,218
62,"2020-01-24","purchase",430,-212
62,"2020-03-16","purchase",551,-763
63,"2020-01-06","deposit",234,234
63,"2020-01-10","purchase",253,-19
63,"2020-01-16","purchase",88,-107
63,"2020-01-25","purchase",225,-332
63,"2020-02-08","purchase",432,-764
63,"2020-02-11","deposit",363,-401
63,"2020-02-23","withdrawal",396,-797
63,"2020-02-24","withdrawal",156,-953
63,"2020-03-06","withdrawal",151,-1104
63,"2020-03-10","withdrawal",932,-2036
63,"2020-03-12","purchase",618,-2654
63,"2020-03-23","withdrawal",727,-3381
63,"2020-03-31","purchase",565,-3946
64,"2020-01-08","deposit",442,442
64,"2020-01-25","deposit",993,1435
64,"2020-01-26","deposit",897,2332
64,"2020-02-03","deposit",49,2381
64,"2020-02-11","purchase",464,1917
64,"2020-02-18","withdrawal",363,1554
64,"2020-03-08","deposit",156,1710
64,"2020-03-22","withdrawal",904,806
64,"2020-03-29","purchase",561,245
65,"2020-01-26","deposit",690,690
65,"2020-01-30","purchase",665,25
65,"2020-03-03","purchase",81,-56
65,"2020-03-17","deposit",260,204
65,"2020-03-26","withdrawal",558,-354
65,"2020-03-26","purchase",96,-450
65,"2020-04-10","purchase",931,-1381
66,"2020-01-16","deposit",917,917
66,"2020-01-17","deposit",175,1092
66,"2020-01-20","deposit",463,1555
66,"2020-01-22","deposit",493,2048
66,"2020-01-23","purchase",77,1971
66,"2020-02-20","purchase",422,1549
66,"2020-02-21","withdrawal",57,1492
66,"2020-03-06","purchase",908,584
66,"2020-03-13","withdrawal",528,56
66,"2020-03-24","withdrawal",573,-517
67,"2020-01-22","deposit",79,79
67,"2020-01-23","deposit",125,204
67,"2020-01-23","deposit",705,909
67,"2020-01-26","deposit",684,1593
67,"2020-02-05","deposit",748,2341
67,"2020-02-07","purchase",393,1948
67,"2020-02-18","deposit",617,2565
67,"2020-03-01","deposit",873,3438
67,"2020-03-01","purchase",770,2668
67,"2020-03-18","withdrawal",907,1761
67,"2020-03-24","deposit",289,2050
67,"2020-04-02","deposit",344,2394
67,"2020-04-06","purchase",230,2164
67,"2020-04-09","purchase",191,1973
67,"2020-04-09","purchase",751,1222
68,"2020-01-20","deposit",574,574
68,"2020-02-27","purchase",296,278
68,"2020-03-03","purchase",696,-418
68,"2020-03-08","deposit",488,70
68,"2020-03-17","purchase",536,-466
68,"2020-03-23","purchase",224,-690
68,"2020-03-24","deposit",234,-456
69,"2020-01-10","deposit",124,124
69,"2020-01-17","deposit",901,1025
69,"2020-01-21","withdrawal",812,213
69,"2020-01-22","deposit",3,216
69,"2020-01-23","purchase",193,23
69,"2020-02-08","purchase",976,-953
69,"2020-02-08","purchase",972,-1925
69,"2020-02-14","withdrawal",216,-2141
69,"2020-02-16","deposit",754,-1387
69,"2020-02-19","deposit",168,-1219
69,"2020-02-22","withdrawal",724,-1943
69,"2020-02-22","purchase",451,-2394
69,"2020-02-25","deposit",450,-1944
69,"2020-03-07","deposit",792,-1152
69,"2020-03-11","withdrawal",541,-1693
69,"2020-03-13","purchase",755,-2448
69,"2020-03-16","withdrawal",237,-2685
69,"2020-03-24","deposit",597,-2088
69,"2020-03-27","deposit",187,-1901
69,"2020-03-30","purchase",437,-2338
69,"2020-04-01","purchase",269,-2607
69,"2020-04-04","purchase",478,-3085
70,"2020-01-08","deposit",786,786
70,"2020-01-17","withdrawal",265,521
70,"2020-01-22","deposit",205,726
70,"2020-01-26","purchase",602,124
70,"2020-01-28","withdrawal",591,-467
70,"2020-01-31","withdrawal",117,-584
70,"2020-02-11","deposit",221,-363
70,"2020-02-13","deposit",659,296
70,"2020-02-25","purchase",359,-63
70,"2020-03-09","withdrawal",927,-990
70,"2020-03-17","deposit",337,-653
70,"2020-03-18","withdrawal",62,-715
70,"2020-03-22","withdrawal",934,-1649
70,"2020-03-29","withdrawal",165,-1814
71,"2020-01-14","deposit",128,128
71,"2020-02-17","withdrawal",178,-50
71,"2020-02-25","withdrawal",623,-673
71,"2020-03-14","withdrawal",592,-1265
72,"2020-01-20","deposit",796,796
72,"2020-02-06","deposit",390,1186
72,"2020-02-08","withdrawal",493,693
72,"2020-02-24","withdrawal",932,-239
72,"2020-02-28","withdrawal",564,-803
72,"2020-03-18","deposit",627,-176
72,"2020-03-18","purchase",492,-668
72,"2020-03-24","purchase",800,-1468
72,"2020-03-28","purchase",212,-1680
72,"2020-04-10","purchase",92,-1772
72,"2020-04-17","withdrawal",555,-2327
73,"2020-01-06","deposit",442,442
73,"2020-01-10","deposit",71,513
74,"2020-01-13","deposit",229,229
74,"2020-03-21","deposit",89,318
75,"2020-01-22","deposit",234,234
75,"2020-02-21","deposit",60,294
76,"2020-01-04","deposit",553,553
76,"2020-01-04","deposit",641,1194
76,"2020-01-05","withdrawal",485,709
76,"2020-01-11","deposit",139,848
76,"2020-01-13","withdrawal",900,-52
76,"2020-01-21","withdrawal",775,-827
76,"2020-01-24","deposit",981,154
76,"2020-01-29","deposit",771,925
76,"2020-02-05","purchase",847,78
76,"2020-02-08","deposit",367,445
76,"2020-02-08","deposit",754,1199
76,"2020-02-10","deposit",859,2058
76,"2020-02-14","deposit",716,2774
76,"2020-02-23","purchase",693,2081
76,"2020-03-02","withdrawal",251,1830
76,"2020-03-07","withdrawal",797,1033
76,"2020-03-26","purchase",598,435
77,"2020-01-08","deposit",120,120
77,"2020-02-19","deposit",381,501
77,"2020-03-01","deposit",616,1117
77,"2020-03-07","deposit",92,1209
77,"2020-03-08","withdrawal",412,797
78,"2020-01-28","deposit",986,986
78,"2020-01-31","purchase",292,694
78,"2020-02-03","purchase",935,-241
78,"2020-02-05","purchase",640,-881
78,"2020-02-11","deposit",108,-773
78,"2020-02-12","withdrawal",289,-1062
78,"2020-02-16","deposit",300,-762
78,"2020-03-13","purchase",103,-865
78,"2020-03-22","purchase",511,-1376
78,"2020-03-24","deposit",659,-717
78,"2020-04-14","purchase",259,-976
79,"2020-01-29","deposit",521,521
79,"2020-02-24","deposit",702,1223
79,"2020-02-29","deposit",157,1380
80,"2020-01-25","deposit",795,795
80,"2020-02-18","deposit",395,1190
80,"2020-03-13","purchase",131,1059
80,"2020-03-26","deposit",80,1139
80,"2020-03-31","purchase",517,622
80,"2020-04-16","purchase",423,199
81,"2020-01-25","deposit",403,403
81,"2020-02-12","purchase",802,-399
81,"2020-02-22","withdrawal",558,-957
81,"2020-03-04","deposit",497,-460
81,"2020-03-09","deposit",741,281
81,"2020-03-10","withdrawal",744,-463
81,"2020-03-29","withdrawal",643,-1106
81,"2020-04-01","purchase",224,-1330
81,"2020-04-11","purchase",65,-1395
81,"2020-04-14","deposit",494,-901
81,"2020-04-19","withdrawal",610,-1511
81,"2020-04-20","purchase",473,-1984
82,"2020-01-09","deposit",363,363
82,"2020-01-15","purchase",972,-609
82,"2020-01-16","withdrawal",979,-1588
82,"2020-01-18","withdrawal",193,-1781
82,"2020-01-26","purchase",889,-2670
82,"2020-01-27","deposit",854,-1816
82,"2020-01-28","withdrawal",436,-2252
82,"2020-01-28","withdrawal",760,-3012
82,"2020-01-30","purchase",900,-3912
82,"2020-02-04","purchase",74,-3986
82,"2020-03-06","withdrawal",66,-4052
82,"2020-03-10","withdrawal",764,-4816
82,"2020-03-14","deposit",778,-4038
82,"2020-03-15","deposit",789,-3249
82,"2020-04-02","purchase",946,-4195
82,"2020-04-03","purchase",419,-4614
83,"2020-01-09","deposit",942,942
83,"2020-01-25","deposit",875,1817
83,"2020-01-27","purchase",718,1099
83,"2020-02-09","withdrawal",655,444
83,"2020-02-11","purchase",787,-343
83,"2020-02-19","purchase",308,-651
83,"2020-02-27","purchase",41,-692
83,"2020-03-03","withdrawal",301,-993
83,"2020-03-09","deposit",713,-280
83,"2020-03-18","deposit",617,337
83,"2020-03-21","purchase",827,-490
83,"2020-03-28","purchase",566,-1056
83,"2020-03-30","deposit",247,-809
83,"2020-03-30","deposit",67,-742
83,"2020-04-07","deposit",365,-377
84,"2020-01-23","deposit",968,968
84,"2020-03-05","purchase",359,609
85,"2020-01-11","deposit",467,467
85,"2020-03-23","deposit",609,1076
85,"2020-04-04","purchase",430,646
86,"2020-01-03","deposit",12,12
86,"2020-01-13","deposit",592,604
86,"2020-01-18","withdrawal",681,-77
86,"2020-01-22","deposit",144,67
86,"2020-01-26","deposit",143,210
86,"2020-01-26","deposit",662,872
86,"2020-02-06","purchase",125,747
86,"2020-02-09","withdrawal",993,-246
86,"2020-02-12","withdrawal",582,-828
86,"2020-02-21","withdrawal",541,-1369
86,"2020-02-24","deposit",865,-504
86,"2020-03-02","withdrawal",767,-1271
86,"2020-03-08","withdrawal",217,-1488
86,"2020-03-11","deposit",901,-587
86,"2020-03-20","purchase",595,-1182
86,"2020-03-22","deposit",710,-472
86,"2020-03-26","deposit",772,300
86,"2020-03-28","deposit",356,656
86,"2020-03-30","purchase",563,93
87,"2020-01-13","deposit",777,777
87,"2020-01-21","withdrawal",616,161
87,"2020-01-22","purchase",524,-363
87,"2020-01-29","purchase",2,-365
87,"2020-02-02","withdrawal",661,-1026
87,"2020-02-06","deposit",561,-465
87,"2020-02-14","purchase",183,-648
87,"2020-02-17","withdrawal",107,-755
87,"2020-02-19","purchase",305,-1060
87,"2020-02-19","deposit",376,-684
87,"2020-02-26","purchase",682,-1366
87,"2020-03-05","purchase",197,-1563
87,"2020-04-05","deposit",995,-568
87,"2020-04-10","withdrawal",627,-1195
88,"2020-01-12","deposit",672,672
88,"2020-01-20","deposit",236,908
88,"2020-01-28","purchase",943,-35
88,"2020-02-04","purchase",48,-83
88,"2020-02-04","deposit",188,105
88,"2020-02-17","deposit",732,837
88,"2020-02-26","withdrawal",85,752
88,"2020-03-10","purchase",908,-156
88,"2020-03-27","purchase",580,-736
88,"2020-04-08","withdrawal",84,-820
89,"2020-01-25","deposit",210,210
89,"2020-02-07","withdrawal",86,124
89,"2020-02-14","purchase",537,-413
89,"2020-02-17","purchase",478,-891
89,"2020-02-25","withdrawal",788,-1679
89,"2020-03-01","deposit",922,-757
89,"2020-03-08","purchase",246,-1003
89,"2020-03-19","withdrawal",757,-1760
89,"2020-03-22","withdrawal",418,-2178
89,"2020-03-23","withdrawal",475,-2653
89,"2020-04-01","deposit",415,-2238
89,"2020-04-06","deposit",737,-1501
89,"2020-04-08","deposit",249,-1252
89,"2020-04-16","purchase",864,-2116
89,"2020-04-20","purchase",671,-2787
89,"2020-04-20","withdrawal",360,-3147
90,"2020-01-19","deposit",890,890
90,"2020-01-22","deposit",472,1362
90,"2020-01-22","purchase",25,1337
90,"2020-01-29","withdrawal",434,903
90,"2020-01-31","deposit",869,1772
90,"2020-02-03","deposit",290,2062
90,"2020-02-04","withdrawal",111,1951
90,"2020-02-09","withdrawal",830,1121
90,"2020-02-10","deposit",365,1486
90,"2020-02-12","purchase",393,1093
90,"2020-02-16","withdrawal",978,115
90,"2020-02-23","purchase",534,-419
90,"2020-02-25","withdrawal",217,-636
90,"2020-02-26","purchase",731,-1367
90,"2020-02-29","deposit",132,-1235
90,"2020-03-07","deposit",22,-1213
90,"2020-03-09","deposit",279,-934
90,"2020-03-28","deposit",124,-810
90,"2020-03-30","withdrawal",814,-1624
90,"2020-04-13","withdrawal",222,-1846
91,"2020-01-11","deposit",856,856
91,"2020-01-21","withdrawal",218,638
91,"2020-01-21","purchase",883,-245
91,"2020-01-22","withdrawal",145,-390
91,"2020-01-22","deposit",343,-47
91,"2020-02-08","purchase",533,-580
91,"2020-02-10","withdrawal",238,-818
91,"2020-02-10","withdrawal",476,-1294
91,"2020-02-11","deposit",426,-868
91,"2020-02-12","deposit",796,-72
91,"2020-02-17","withdrawal",871,-943
91,"2020-02-25","purchase",501,-1444
91,"2020-02-25","deposit",485,-959
91,"2020-03-01","purchase",979,-1938
91,"2020-03-14","purchase",322,-2260
91,"2020-03-17","deposit",23,-2237
91,"2020-03-30","deposit",486,-1751
91,"2020-03-31","withdrawal",909,-2660
91,"2020-04-07","deposit",165,-2495
92,"2020-01-05","deposit",985,985
92,"2020-03-19","purchase",50,935
92,"2020-03-22","purchase",793,142
93,"2020-01-11","deposit",557,557
93,"2020-01-18","deposit",435,992
93,"2020-01-20","withdrawal",593,399
93,"2020-02-01","withdrawal",717,-318
93,"2020-02-08","deposit",394,76
93,"2020-02-09","purchase",366,-290
93,"2020-02-13","purchase",16,-306
93,"2020-02-16","deposit",807,501
93,"2020-02-21","deposit",635,1136
93,"2020-02-23","withdrawal",462,674
93,"2020-02-27","deposit",429,1103
93,"2020-03-20","deposit",993,2096
93,"2020-03-27","withdrawal",154,1942
93,"2020-03-29","withdrawal",477,1465
93,"2020-03-30","purchase",279,1186
93,"2020-04-09","withdrawal",218,968
94,"2020-01-01","deposit",902,902
94,"2020-01-13","withdrawal",435,467
94,"2020-01-25","withdrawal",449,18
94,"2020-01-30","withdrawal",784,-766
94,"2020-02-02","withdrawal",738,-1504
94,"2020-02-29","deposit",8,-1496
94,"2020-03-08","withdrawal",736,-2232
94,"2020-03-23","deposit",690,-1542
95,"2020-01-03","deposit",19,19
95,"2020-01-05","deposit",198,217
95,"2020-02-06","withdrawal",608,-391
95,"2020-02-12","withdrawal",622,-1013
95,"2020-02-16","deposit",706,-307
95,"2020-02-23","deposit",911,604
95,"2020-02-24","withdrawal",36,568
95,"2020-02-26","deposit",930,1498
95,"2020-02-27","purchase",538,960
95,"2020-03-07","purchase",321,639
95,"2020-03-10","deposit",387,1026
95,"2020-03-22","deposit",949,1975
95,"2020-03-27","deposit",978,2953
95,"2020-03-28","withdrawal",977,1976
95,"2020-03-30","purchase",530,1446
96,"2020-01-03","deposit",492,492
96,"2020-01-03","deposit",753,1245
96,"2020-01-20","purchase",303,942
96,"2020-01-21","withdrawal",290,652
96,"2020-01-24","deposit",301,953
96,"2020-01-31","deposit",95,1048
96,"2020-02-02","deposit",445,1493
96,"2020-02-13","purchase",30,1463
96,"2020-02-16","withdrawal",65,1398
96,"2020-02-28","deposit",31,1429
96,"2020-02-29","deposit",108,1537
96,"2020-03-04","purchase",311,1226
96,"2020-03-08","deposit",488,1714
96,"2020-03-10","withdrawal",545,1169
96,"2020-03-23","withdrawal",490,679
96,"2020-03-24","withdrawal",417,262
96,"2020-03-28","deposit",891,1153
96,"2020-03-30","purchase",211,942
97,"2020-01-04","deposit",681,681
97,"2020-01-08","deposit",992,1673
97,"2020-01-16","withdrawal",34,1639
97,"2020-01-21","purchase",32,1607
97,"2020-01-22","purchase",984,623
97,"2020-02-03","deposit",227,850
97,"2020-02-06","withdrawal",416,434
97,"2020-02-09","withdrawal",917,-483
97,"2020-02-19","withdrawal",98,-581
97,"2020-02-24","deposit",55,-526
97,"2020-02-24","deposit",286,-240
97,"2020-03-01","withdrawal",249,-489
97,"2020-03-08","deposit",198,-291
97,"2020-03-23","purchase",839,-1130
97,"2020-03-25","purchase",559,-1689
97,"2020-03-30","withdrawal",794,-2483
98,"2020-01-15","deposit",622,622
98,"2020-02-25","withdrawal",108,514
98,"2020-02-29","withdrawal",227,287
98,"2020-03-01","withdrawal",179,108
98,"2020-03-07","deposit",193,301
98,"2020-03-11","withdrawal",648,-347
98,"2020-03-28","deposit",252,-95
98,"2020-04-01","withdrawal",291,-386
98,"2020-04-02","deposit",683,297
98,"2020-04-13","deposit",453,750
99,"2020-01-08","deposit",160,160
99,"2020-01-21","deposit",789,949
99,"2020-02-29","withdrawal",189,760
99,"2020-03-24","withdrawal",23,737
100,"2020-01-06","deposit",158,158
100,"2020-01-14","deposit",923,1081
100,"2020-02-05","purchase",749,332
100,"2020-02-08","purchase",829,-497
100,"2020-03-01","deposit",780,283
100,"2020-03-03","withdrawal",123,160
100,"2020-03-19","purchase",854,-694
100,"2020-03-28","purchase",938,-1632
100,"2020-03-30","deposit",181,-1451
101,"2020-01-12","deposit",136,136
101,"2020-01-18","purchase",620,-484
101,"2020-02-05","withdrawal",840,-1324
101,"2020-03-07","withdrawal",895,-2219
101,"2020-03-12","deposit",544,-1675
101,"2020-03-15","purchase",535,-2210
101,"2020-03-16","purchase",463,-2673
102,"2020-01-26","deposit",917,917
102,"2020-02-06","deposit",438,1355
102,"2020-02-11","purchase",926,429
102,"2020-02-12","purchase",243,186
102,"2020-02-16","deposit",562,748
102,"2020-02-17","purchase",265,483
102,"2020-02-21","deposit",945,1428
102,"2020-03-09","purchase",772,656
102,"2020-03-09","deposit",303,959
102,"2020-03-10","deposit",591,1550
102,"2020-03-14","withdrawal",395,1155
102,"2020-03-15","withdrawal",329,826
102,"2020-03-18","deposit",639,1465
102,"2020-03-18","deposit",984,2449
102,"2020-03-26","withdrawal",584,1865
102,"2020-04-02","deposit",192,2057
102,"2020-04-06","withdrawal",468,1589
102,"2020-04-08","withdrawal",507,1082
102,"2020-04-15","deposit",516,1598
102,"2020-04-17","withdrawal",921,677
102,"2020-04-18","withdrawal",31,646
103,"2020-01-07","deposit",646,646
103,"2020-01-14","withdrawal",353,293
103,"2020-01-18","deposit",459,752
103,"2020-01-18","withdrawal",512,240
103,"2020-02-16","purchase",535,-295
103,"2020-02-16","purchase",555,-850
103,"2020-03-09","deposit",410,-440
103,"2020-03-10","deposit",358,-82
103,"2020-03-18","purchase",688,-770
103,"2020-03-19","purchase",435,-1205
103,"2020-03-19","deposit",193,-1012
103,"2020-03-19","withdrawal",839,-1851
103,"2020-03-26","purchase",406,-2257
104,"2020-01-25","deposit",989,989
104,"2020-01-26","purchase",46,943
104,"2020-01-30","withdrawal",328,615
104,"2020-02-24","withdrawal",589,26
104,"2020-02-27","deposit",985,1011
104,"2020-02-29","deposit",76,1087
104,"2020-03-25","withdrawal",321,766
104,"2020-03-29","withdrawal",414,352
104,"2020-03-30","deposit",838,1190
105,"2020-01-07","deposit",313,313
105,"2020-01-18","deposit",701,1014
105,"2020-02-09","purchase",249,765
105,"2020-02-28","purchase",599,166
105,"2020-03-04","deposit",143,309
105,"2020-03-13","withdrawal",848,-539
105,"2020-03-15","deposit",367,-172
105,"2020-03-24","withdrawal",119,-291
105,"2020-03-25","purchase",329,-620
105,"2020-03-30","deposit",647,27
105,"2020-04-01","purchase",213,-186
106,"2020-01-24","deposit",456,456
106,"2020-01-28","withdrawal",261,195
106,"2020-01-29","withdrawal",304,-109
106,"2020-02-01","deposit",747,638
106,"2020-02-07","purchase",222,416
106,"2020-02-09","deposit",976,1392
106,"2020-02-22","withdrawal",546,846
106,"2020-03-02","withdrawal",443,403
106,"2020-03-10","deposit",453,856
106,"2020-03-11","deposit",60,916
106,"2020-03-21","withdrawal",756,160
106,"2020-03-29","purchase",271,-111
106,"2020-04-17","purchase",728,-839
106,"2020-04-19","purchase",623,-1462
107,"2020-01-13","deposit",538,538
107,"2020-01-16","purchase",682,-144
107,"2020-02-17","withdrawal",546,-690
108,"2020-01-30","deposit",530,530
108,"2020-02-12","purchase",529,1
108,"2020-02-27","deposit",737,738
108,"2020-03-26","deposit",808,1546
108,"2020-04-05","deposit",737,2283
108,"2020-04-05","purchase",335,1948
108,"2020-04-08","purchase",163,1785
108,"2020-04-18","withdrawal",279,1506
108,"2020-04-18","deposit",990,2496
108,"2020-04-25","deposit",184,2680
109,"2020-01-01","deposit",429,429
109,"2020-02-03","deposit",767,1196
109,"2020-02-05","deposit",717,1913
109,"2020-02-08","deposit",578,2491
110,"2020-01-01","deposit",888,888
110,"2020-01-06","withdrawal",697,191
110,"2020-01-07","withdrawal",905,-714
110,"2020-01-09","deposit",241,-473
110,"2020-01-13","withdrawal",944,-1417
110,"2020-01-14","deposit",485,-932
110,"2020-01-14","deposit",545,-387
110,"2020-01-18","deposit",709,322
110,"2020-01-18","deposit",480,802
110,"2020-01-19","purchase",85,717
110,"2020-01-19","purchase",150,567
110,"2020-01-21","deposit",705,1272
110,"2020-01-26","purchase",14,1258
110,"2020-02-06","deposit",914,2172
110,"2020-02-11","withdrawal",974,1198
110,"2020-03-03","deposit",417,1615
110,"2020-03-05","withdrawal",373,1242
110,"2020-03-10","withdrawal",202,1040
110,"2020-03-17","deposit",943,1983
110,"2020-03-29","deposit",250,2233
111,"2020-01-28","deposit",101,101
111,"2020-02-01","deposit",362,463
111,"2020-03-25","withdrawal",364,99
112,"2020-01-08","deposit",945,945
112,"2020-02-09","deposit",707,1652
112,"2020-02-21","deposit",317,1969
112,"2020-02-29","withdrawal",122,1847
112,"2020-02-29","withdrawal",954,893
112,"2020-03-04","purchase",523,370
112,"2020-03-18","purchase",322,48
112,"2020-03-24","withdrawal",164,-116
113,"2020-01-21","deposit",14,14
113,"2020-01-23","purchase",525,-511
113,"2020-02-04","deposit",17,-494
113,"2020-02-06","withdrawal",245,-739
113,"2020-02-21","deposit",753,14
113,"2020-02-23","deposit",48,62
113,"2020-03-10","withdrawal",544,-482
113,"2020-03-11","purchase",21,-503
113,"2020-03-13","withdrawal",468,-971
113,"2020-03-23","deposit",203,-768
113,"2020-03-26","deposit",780,12
113,"2020-04-02","withdrawal",255,-243
113,"2020-04-03","withdrawal",211,-454
113,"2020-04-09","purchase",686,-1140
114,"2020-01-19","deposit",743,743
114,"2020-03-28","purchase",574,169
114,"2020-04-06","deposit",974,1143
115,"2020-01-29","deposit",144,144
115,"2020-02-01","purchase",400,-256
115,"2020-02-08","withdrawal",196,-452
115,"2020-02-25","purchase",393,-845
115,"2020-03-03","deposit",747,-98
115,"2020-03-07","deposit",672,574
115,"2020-03-28","purchase",51,523
115,"2020-03-30","deposit",361,884
115,"2020-04-06","withdrawal",945,-61
115,"2020-04-06","deposit",20,-41
116,"2020-01-28","deposit",167,167
116,"2020-02-11","deposit",344,511
116,"2020-02-23","purchase",458,53
116,"2020-03-20","deposit",490,543
116,"2020-04-17","purchase",213,330
117,"2020-01-15","deposit",5,5
117,"2020-01-28","withdrawal",30,-25
117,"2020-02-12","deposit",727,702
117,"2020-02-14","withdrawal",439,263
117,"2020-02-25","purchase",479,-216
117,"2020-03-13","deposit",430,214
117,"2020-03-20","withdrawal",920,-706
118,"2020-01-03","deposit",683,683
118,"2020-01-04","purchase",389,294
118,"2020-01-24","purchase",977,-683
118,"2020-02-02","withdrawal",3,-686
118,"2020-02-02","deposit",173,-513
118,"2020-03-11","purchase",795,-1308
118,"2020-03-15","withdrawal",342,-1650
118,"2020-03-30","deposit",223,-1427
119,"2020-01-17","deposit",62,62
119,"2020-03-09","withdrawal",969,-907
119,"2020-04-10","deposit",417,-490
120,"2020-01-23","deposit",824,824
120,"2020-02-09","withdrawal",374,450
120,"2020-02-10","deposit",313,763
120,"2020-02-11","deposit",664,1427
120,"2020-02-13","deposit",693,2120
120,"2020-02-17","purchase",654,1466
120,"2020-02-20","deposit",402,1868
120,"2020-02-21","deposit",970,2838
120,"2020-02-22","purchase",343,2495
120,"2020-02-28","withdrawal",582,1913
120,"2020-03-01","purchase",879,1034
120,"2020-03-03","withdrawal",418,616
120,"2020-03-11","purchase",685,-69
120,"2020-03-20","purchase",145,-214
120,"2020-03-20","withdrawal",686,-900
120,"2020-04-06","withdrawal",794,-1694
120,"2020-04-21","deposit",229,-1465
121,"2020-01-01","deposit",335,335
121,"2020-01-20","deposit",19,354
121,"2020-01-22","deposit",864,1218
121,"2020-01-28","deposit",774,1992
121,"2020-02-04","deposit",328,2320
121,"2020-02-15","purchase",711,1609
121,"2020-02-20","purchase",543,1066
121,"2020-02-29","deposit",230,1296
121,"2020-03-06","withdrawal",869,427
121,"2020-03-11","deposit",26,453
121,"2020-03-15","purchase",878,-425
122,"2020-01-29","deposit",397,397
122,"2020-01-29","purchase",83,314
122,"2020-02-05","purchase",150,164
122,"2020-02-13","deposit",88,252
122,"2020-03-18","deposit",290,542
122,"2020-03-27","deposit",725,1267
122,"2020-03-28","deposit",80,1347
122,"2020-04-07","withdrawal",135,1212
122,"2020-04-09","deposit",992,2204
122,"2020-04-11","withdrawal",678,1526
122,"2020-04-12","deposit",7,1533
122,"2020-04-20","deposit",51,1584
122,"2020-04-23","withdrawal",283,1301
122,"2020-04-24","purchase",235,1066
123,"2020-01-16","deposit",423,423
123,"2020-01-25","withdrawal",310,113
123,"2020-01-26","purchase",830,-717
123,"2020-02-09","purchase",600,-1317
123,"2020-02-19","withdrawal",960,-2277
123,"2020-03-07","purchase",386,-2663
123,"2020-03-28","deposit",352,-2311
123,"2020-03-29","deposit",727,-1584
123,"2020-04-03","deposit",540,-1044
123,"2020-04-04","withdrawal",362,-1406
123,"2020-04-05","deposit",688,-718
123,"2020-04-06","purchase",947,-1665
123,"2020-04-07","purchase",463,-2128
124,"2020-01-01","deposit",159,159
124,"2020-01-11","withdrawal",37,122
124,"2020-01-14","deposit",564,686
124,"2020-01-14","deposit",579,1265
124,"2020-01-16","withdrawal",249,1016
124,"2020-01-19","withdrawal",285,731
124,"2020-02-03","withdrawal",427,304
124,"2020-02-07","deposit",710,1014
124,"2020-02-09","deposit",162,1176
124,"2020-02-11","deposit",273,1449
124,"2020-02-26","deposit",429,1878
124,"2020-03-09","purchase",249,1629
124,"2020-03-12","withdrawal",697,932
124,"2020-03-15","deposit",326,1258
124,"2020-03-16","deposit",874,2132
124,"2020-03-22","withdrawal",705,1427
124,"2020-03-22","purchase",172,1255
124,"2020-03-28","deposit",46,1301
125,"2020-01-04","deposit",637,637
125,"2020-01-19","withdrawal",506,131
125,"2020-01-28","withdrawal",922,-791
125,"2020-02-15","purchase",939,-1730
125,"2020-02-16","deposit",867,-863
125,"2020-02-17","purchase",982,-1845
125,"2020-02-26","purchase",285,-2130
125,"2020-02-29","purchase",349,-2479
125,"2020-03-18","withdrawal",65,-2544
125,"2020-03-19","deposit",410,-2134
125,"2020-03-23","deposit",86,-2048
125,"2020-03-30","deposit",558,-1490
125,"2020-03-30","purchase",946,-2436
126,"2020-01-21","deposit",120,120
126,"2020-01-21","withdrawal",906,-786
126,"2020-02-04","deposit",394,-392
126,"2020-02-07","purchase",875,-1267
126,"2020-02-10","deposit",970,-297
126,"2020-02-11","withdrawal",806,-1103
126,"2020-02-13","purchase",167,-1270
126,"2020-02-22","deposit",280,-990
126,"2020-02-23","purchase",744,-1734
126,"2020-02-25","deposit",651,-1083
126,"2020-02-27","deposit",367,-716
126,"2020-03-03","deposit",270,-446
126,"2020-03-03","withdrawal",873,-1319
126,"2020-03-24","withdrawal",946,-2265
126,"2020-03-28","withdrawal",557,-2822
127,"2020-01-17","deposit",217,217
127,"2020-02-01","deposit",486,703
127,"2020-04-01","deposit",969,1672
128,"2020-01-26","deposit",410,410
128,"2020-02-04","deposit",472,882
128,"2020-02-11","purchase",246,636
128,"2020-02-29","withdrawal",492,144
128,"2020-03-07","purchase",319,-175
128,"2020-03-21","purchase",601,-776
128,"2020-04-06","purchase",321,-1097
128,"2020-04-16","deposit",895,-202
129,"2020-01-12","deposit",568,568
129,"2020-01-27","withdrawal",508,60
129,"2020-01-31","deposit",406,466
129,"2020-02-09","withdrawal",376,90
129,"2020-02-11","withdrawal",359,-269
129,"2020-02-12","withdrawal",23,-292
129,"2020-02-15","deposit",482,190
129,"2020-02-24","purchase",986,-796
129,"2020-03-06","purchase",154,-950
129,"2020-03-17","deposit",669,-281
129,"2020-03-28","deposit",349,68
129,"2020-04-01","withdrawal",593,-525
129,"2020-04-05","withdrawal",867,-1392
129,"2020-04-07","purchase",615,-2007
130,"2020-01-02","deposit",557,557
130,"2020-01-07","withdrawal",106,451
130,"2020-01-11","withdrawal",895,-444
130,"2020-01-19","deposit",196,-248
130,"2020-02-05","withdrawal",488,-736
130,"2020-02-05","withdrawal",71,-807
130,"2020-02-15","purchase",353,-1160
130,"2020-03-01","purchase",971,-2131
130,"2020-03-04","deposit",646,-1485
130,"2020-03-13","deposit",753,-732
130,"2020-03-27","deposit",864,132
131,"2020-01-10","purchase",846,-846
131,"2020-01-10","deposit",932,86
131,"2020-01-14","deposit",803,889
131,"2020-01-20","withdrawal",892,-3
131,"2020-01-21","deposit",868,865
131,"2020-01-29","deposit",465,1330
131,"2020-01-31","withdrawal",850,480
131,"2020-02-02","purchase",62,418
131,"2020-02-08","purchase",955,-537
131,"2020-02-10","purchase",247,-784
131,"2020-02-14","withdrawal",43,-827
131,"2020-02-19","deposit",98,-729
131,"2020-02-25","purchase",973,-1702
131,"2020-02-27","deposit",719,-983
131,"2020-03-14","deposit",181,-802
131,"2020-03-15","deposit",672,-130
131,"2020-03-16","withdrawal",707,-837
131,"2020-03-21","deposit",263,-574
131,"2020-03-22","deposit",711,137
131,"2020-03-27","purchase",617,-480
131,"2020-03-28","purchase",16,-496
131,"2020-03-29","deposit",344,-152
132,"2020-01-10","deposit",14,14
132,"2020-01-20","purchase",427,-413
132,"2020-01-30","withdrawal",841,-1254
132,"2020-02-06","withdrawal",592,-1846
132,"2020-02-07","purchase",998,-2844
132,"2020-03-05","purchase",736,-3580
132,"2020-03-20","withdrawal",377,-3957
132,"2020-03-26","withdrawal",356,-4313
132,"2020-03-30","purchase",943,-5256
132,"2020-04-08","purchase",329,-5585
133,"2020-01-10","deposit",279,279
133,"2020-01-23","withdrawal",635,-356
133,"2020-02-26","purchase",12,-368
134,"2020-01-08","deposit",358,358
134,"2020-01-11","deposit",650,1008
134,"2020-01-16","deposit",911,1919
134,"2020-01-25","deposit",980,2899
134,"2020-01-26","deposit",496,3395
134,"2020-01-26","purchase",201,3194
134,"2020-02-05","withdrawal",136,3058
134,"2020-02-07","deposit",135,3193
134,"2020-02-14","purchase",189,3004
134,"2020-02-19","withdrawal",670,2334
134,"2020-02-26","withdrawal",102,2232
134,"2020-02-27","deposit",579,2811
134,"2020-02-29","purchase",63,2748
134,"2020-03-09","purchase",339,2409
134,"2020-03-16","withdrawal",841,1568
134,"2020-03-20","deposit",328,1896
134,"2020-03-23","deposit",155,2051
134,"2020-03-27","withdrawal",283,1768
135,"2020-01-09","deposit",949,949
135,"2020-01-22","withdrawal",14,935
135,"2020-01-30","withdrawal",831,104
135,"2020-02-11","deposit",491,595
135,"2020-02-14","deposit",470,1065
135,"2020-02-16","deposit",834,1899
135,"2020-02-21","purchase",78,1821
135,"2020-02-22","withdrawal",375,1446
135,"2020-02-27","purchase",469,977
135,"2020-03-09","withdrawal",178,799
135,"2020-03-23","deposit",202,1001
136,"2020-01-11","deposit",882,882
136,"2020-01-12","deposit",19,901
136,"2020-01-25","withdrawal",653,248
136,"2020-01-28","deposit",455,703
136,"2020-01-29","withdrawal",224,479
136,"2020-02-27","deposit",487,966
136,"2020-03-06","withdrawal",116,850
136,"2020-03-11","deposit",53,903
136,"2020-03-24","withdrawal",623,280
136,"2020-03-26","deposit",103,383
136,"2020-04-02","deposit",194,577
136,"2020-04-09","purchase",710,-133
137,"2020-01-06","deposit",881,881
137,"2020-01-20","purchase",403,478
137,"2020-01-23","purchase",82,396
137,"2020-02-16","purchase",752,-356
138,"2020-01-11","deposit",520,520
138,"2020-01-23","deposit",758,1278
138,"2020-01-31","deposit",38,1316
138,"2020-02-01","deposit",819,2135
138,"2020-02-03","withdrawal",954,1181
138,"2020-02-05","purchase",485,696
138,"2020-02-07","deposit",604,1300
138,"2020-02-13","deposit",42,1342
138,"2020-02-24","withdrawal",958,384
138,"2020-02-29","purchase",64,320
138,"2020-03-20","withdrawal",129,191
138,"2020-03-22","purchase",750,-559
138,"2020-03-24","deposit",619,60
138,"2020-03-29","deposit",15,75
138,"2020-04-06","purchase",850,-775
139,"2020-01-10","deposit",653,653
139,"2020-01-17","purchase",370,283
139,"2020-01-18","withdrawal",353,-70
139,"2020-01-23","purchase",180,-250
139,"2020-01-26","purchase",95,-345
139,"2020-01-31","deposit",389,44
139,"2020-02-04","deposit",460,504
139,"2020-03-01","withdrawal",613,-109
139,"2020-03-02","deposit",418,309
139,"2020-03-03","withdrawal",442,-133
139,"2020-03-04","deposit",830,697
139,"2020-03-07","withdrawal",983,-286
139,"2020-03-10","deposit",951,665
139,"2020-03-14","deposit",562,1227
139,"2020-03-28","withdrawal",690,537
140,"2020-01-26","deposit",138,138
140,"2020-01-26","deposit",665,803
140,"2020-02-01","deposit",180,983
140,"2020-02-13","deposit",543,1526
140,"2020-03-05","withdrawal",339,1187
140,"2020-03-21","purchase",11,1176
140,"2020-03-22","withdrawal",656,520
140,"2020-03-26","deposit",995,1515
140,"2020-03-28","deposit",830,2345
140,"2020-04-02","purchase",127,2218
140,"2020-04-06","withdrawal",877,1341
140,"2020-04-09","deposit",590,1931
140,"2020-04-13","withdrawal",647,1284
140,"2020-04-16","withdrawal",336,948
140,"2020-04-18","purchase",986,-38
140,"2020-04-19","deposit",993,955
140,"2020-04-22","deposit",540,1495
141,"2020-01-15","deposit",934,934
141,"2020-01-20","purchase",320,614
141,"2020-01-22","purchase",983,-369
141,"2020-02-03","deposit",588,219
141,"2020-02-06","deposit",50,269
141,"2020-02-28","deposit",830,1099
141,"2020-02-29","deposit",384,1483
141,"2020-03-19","deposit",630,2113
141,"2020-04-04","deposit",425,2538
142,"2020-01-16","deposit",517,517
142,"2020-01-27","deposit",861,1378
142,"2020-02-10","withdrawal",441,937
142,"2020-02-19","purchase",497,440
142,"2020-03-04","withdrawal",323,117
142,"2020-03-08","deposit",55,172
142,"2020-03-11","deposit",480,652
142,"2020-03-31","purchase",435,217
142,"2020-04-01","deposit",646,863
143,"2020-01-29","deposit",807,807
143,"2020-02-01","deposit",483,1290
143,"2020-02-04","purchase",343,947
143,"2020-02-20","deposit",602,1549
143,"2020-02-29","deposit",76,1625
143,"2020-03-04","deposit",24,1649
143,"2020-03-07","withdrawal",574,1075
143,"2020-03-15","purchase",494,581
143,"2020-03-25","purchase",555,26
143,"2020-04-02","withdrawal",561,-535
143,"2020-04-09","deposit",295,-240
143,"2020-04-19","purchase",333,-573
143,"2020-04-21","purchase",957,-1530
143,"2020-04-22","deposit",445,-1085
143,"2020-04-23","purchase",823,-1908
143,"2020-04-24","withdrawal",549,-2457
144,"2020-01-14","deposit",559,559
144,"2020-01-17","withdrawal",622,-63
144,"2020-01-22","withdrawal",672,-735
144,"2020-02-07","purchase",315,-1050
144,"2020-02-18","withdrawal",725,-1775
144,"2020-02-22","purchase",558,-2333
144,"2020-02-22","purchase",947,-3280
144,"2020-03-20","withdrawal",118,-3398
144,"2020-03-24","deposit",316,-3082
144,"2020-03-31","deposit",36,-3046
144,"2020-04-02","purchase",763,-3809
144,"2020-04-05","deposit",104,-3705
144,"2020-04-07","deposit",479,-3226
144,"2020-04-07","purchase",955,-4181
144,"2020-04-07","withdrawal",444,-4625
144,"2020-04-10","deposit",230,-4395
145,"2020-01-02","deposit",365,365
145,"2020-01-06","withdrawal",372,-7
145,"2020-01-07","purchase",585,-592
145,"2020-01-07","withdrawal",6,-598
145,"2020-01-08","purchase",972,-1570
145,"2020-01-13","withdrawal",373,-1943
145,"2020-01-19","purchase",112,-2055
145,"2020-01-27","withdrawal",996,-3051
145,"2020-02-01","withdrawal",54,-3105
145,"2020-02-11","withdrawal",283,-3388
145,"2020-02-15","purchase",980,-4368
145,"2020-02-15","deposit",921,-3447
145,"2020-02-19","deposit",753,-2694
145,"2020-02-23","deposit",724,-1970
145,"2020-03-02","withdrawal",776,-2746
145,"2020-03-03","purchase",890,-3636
145,"2020-03-12","purchase",998,-4634
145,"2020-03-24","deposit",515,-4119
146,"2020-01-05","deposit",657,657
146,"2020-01-16","withdrawal",266,391
146,"2020-01-22","purchase",822,-431
146,"2020-01-27","withdrawal",873,-1304
146,"2020-01-30","deposit",497,-807
146,"2020-02-06","purchase",349,-1156
146,"2020-02-15","purchase",950,-2106
146,"2020-02-17","purchase",225,-2331
146,"2020-02-22","purchase",936,-3267
146,"2020-03-03","withdrawal",569,-3836
146,"2020-03-14","withdrawal",315,-4151
146,"2020-03-20","withdrawal",617,-4768
146,"2020-03-29","deposit",987,-3781
146,"2020-04-03","deposit",64,-3717
147,"2020-01-15","deposit",767,767
147,"2020-01-15","withdrawal",167,600
147,"2020-02-08","deposit",888,1488
147,"2020-02-25","deposit",210,1698
148,"2020-01-12","deposit",88,88
148,"2020-02-09","purchase",941,-853
148,"2020-02-13","purchase",826,-1679
148,"2020-02-17","withdrawal",788,-2467
148,"2020-03-17","withdrawal",348,-2815
148,"2020-03-28","deposit",739,-2076
148,"2020-04-03","purchase",113,-2189
148,"2020-04-08","purchase",541,-2730
149,"2020-01-13","deposit",831,831
149,"2020-01-26","purchase",985,-154
149,"2020-01-30","deposit",498,344
149,"2020-02-28","purchase",23,321
149,"2020-03-02","deposit",732,1053
149,"2020-03-11","withdrawal",520,533
149,"2020-03-11","deposit",30,563
149,"2020-03-15","deposit",822,1385
149,"2020-03-18","withdrawal",825,560
149,"2020-03-19","withdrawal",791,-231
149,"2020-03-24","deposit",15,-216
149,"2020-03-27","deposit",14,-202
150,"2020-01-04","deposit",69,69
150,"2020-01-05","withdrawal",715,-646
150,"2020-01-15","withdrawal",869,-1515
150,"2020-01-18","withdrawal",176,-1691
150,"2020-01-22","deposit",166,-1525
150,"2020-01-27","deposit",925,-600
150,"2020-02-03","deposit",63,-537
150,"2020-02-09","purchase",546,-1083
150,"2020-02-12","purchase",371,-1454
150,"2020-02-19","purchase",264,-1718
150,"2020-02-28","deposit",206,-1512
150,"2020-03-20","deposit",715,-797
150,"2020-03-24","withdrawal",807,-1604
150,"2020-04-01","withdrawal",825,-2429
151,"2020-01-10","deposit",58,58
151,"2020-01-21","deposit",387,445
151,"2020-01-23","deposit",922,1367
151,"2020-02-03","purchase",640,727
151,"2020-02-24","withdrawal",722,5
151,"2020-03-18","deposit",169,174
151,"2020-03-20","purchase",428,-254
151,"2020-03-26","deposit",318,64
151,"2020-03-29","withdrawal",951,-887
152,"2020-01-01","deposit",917,917
152,"2020-01-16","deposit",340,1257
152,"2020-01-17","deposit",264,1521
152,"2020-01-23","deposit",310,1831
152,"2020-02-04","deposit",706,2537
152,"2020-02-04","deposit",696,3233
152,"2020-02-09","withdrawal",849,2384
152,"2020-02-13","purchase",334,2050
152,"2020-02-15","deposit",812,2862
152,"2020-02-22","purchase",960,1902
152,"2020-03-20","deposit",68,1970
152,"2020-03-28","deposit",14,1984
153,"2020-01-18","deposit",754,754
153,"2020-01-22","purchase",987,-233
153,"2020-01-22","withdrawal",587,-820
153,"2020-01-23","withdrawal",431,-1251
153,"2020-01-26","withdrawal",703,-1954
153,"2020-02-01","purchase",302,-2256
153,"2020-02-06","withdrawal",181,-2437
153,"2020-02-07","deposit",664,-1773
153,"2020-02-08","purchase",578,-2351
153,"2020-02-15","deposit",752,-1599
153,"2020-02-20","deposit",959,-640
153,"2020-02-24","deposit",353,-287
153,"2020-02-25","withdrawal",107,-394
153,"2020-02-26","purchase",382,-776
153,"2020-03-07","purchase",683,-1459
153,"2020-03-10","deposit",378,-1081
153,"2020-03-21","purchase",274,-1355
153,"2020-03-23","deposit",683,-672
153,"2020-03-27","purchase",178,-850
153,"2020-03-31","purchase",845,-1695
154,"2020-01-15","deposit",120,120
154,"2020-01-15","purchase",801,-681
154,"2020-01-28","withdrawal",447,-1128
154,"2020-01-31","purchase",994,-2122
154,"2020-01-31","deposit",730,-1392
154,"2020-02-07","withdrawal",13,-1405
154,"2020-02-07","deposit",938,-467
154,"2020-02-08","purchase",239,-706
154,"2020-02-09","purchase",255,-961
154,"2020-02-13","withdrawal",437,-1398
154,"2020-02-19","deposit",66,-1332
154,"2020-02-27","purchase",219,-1551
154,"2020-02-28","deposit",86,-1465
154,"2020-02-29","withdrawal",875,-2340
154,"2020-03-03","deposit",988,-1352
154,"2020-03-04","withdrawal",12,-1364
154,"2020-03-15","deposit",663,-701
154,"2020-03-16","withdrawal",988,-1689
154,"2020-03-19","withdrawal",415,-2104
154,"2020-04-07","deposit",86,-2018
154,"2020-04-12","purchase",537,-2555
155,"2020-01-10","deposit",712,712
155,"2020-01-19","purchase",360,352
155,"2020-01-24","purchase",717,-365
155,"2020-01-29","purchase",631,-996
155,"2020-02-04","purchase",295,-1291
155,"2020-02-15","withdrawal",804,-2095
155,"2020-02-15","deposit",804,-1291
155,"2020-02-20","purchase",751,-2042
155,"2020-02-29","purchase",899,-2941
155,"2020-03-07","withdrawal",751,-3692
155,"2020-03-16","withdrawal",627,-4319
155,"2020-03-19","deposit",117,-4202
155,"2020-03-19","deposit",630,-3572
155,"2020-03-28","deposit",494,-3078
155,"2020-03-29","deposit",890,-2188
155,"2020-03-29","withdrawal",494,-2682
155,"2020-03-30","withdrawal",595,-3277
155,"2020-03-31","withdrawal",100,-3377
155,"2020-04-04","purchase",501,-3878
155,"2020-04-05","withdrawal",652,-4530
156,"2020-01-24","deposit",82,82
156,"2020-04-08","deposit",230,312
157,"2020-01-06","deposit",721,721
157,"2020-01-28","purchase",583,138
157,"2020-02-29","withdrawal",749,-611
157,"2020-03-01","deposit",941,330
157,"2020-03-06","deposit",517,847
157,"2020-03-09","deposit",395,1242
157,"2020-03-14","deposit",697,1939
157,"2020-03-18","deposit",827,2766
158,"2020-01-18","purchase",109,-109
158,"2020-01-18","deposit",642,533
158,"2020-01-28","purchase",477,56
158,"2020-02-08","purchase",192,-136
158,"2020-03-09","withdrawal",799,-935
158,"2020-03-13","purchase",235,-1170
158,"2020-03-16","purchase",546,-1716
158,"2020-03-19","deposit",567,-1149
158,"2020-03-23","deposit",683,-466
158,"2020-03-27","withdrawal",118,-584
158,"2020-03-29","purchase",522,-1106
159,"2020-01-04","deposit",669,669
159,"2020-01-06","purchase",236,433
159,"2020-01-16","withdrawal",734,-301
160,"2020-01-17","deposit",843,843
160,"2020-02-04","deposit",734,1577
160,"2020-02-11","withdrawal",845,732
160,"2020-02-11","withdrawal",982,-250
160,"2020-02-13","deposit",18,-232
160,"2020-02-21","deposit",421,189
160,"2020-02-23","withdrawal",632,-443
160,"2020-02-26","deposit",986,543
160,"2020-03-01","purchase",459,84
160,"2020-03-23","deposit",767,851
160,"2020-03-28","withdrawal",920,-69
160,"2020-04-04","purchase",633,-702
160,"2020-04-11","deposit",75,-627
160,"2020-04-15","deposit",320,-307
161,"2020-01-08","deposit",526,526
161,"2020-01-08","withdrawal",914,-388
161,"2020-01-09","purchase",160,-548
161,"2020-01-15","withdrawal",67,-615
161,"2020-01-21","withdrawal",50,-665
161,"2020-01-25","withdrawal",177,-842
161,"2020-01-29","purchase",279,-1121
161,"2020-02-11","deposit",440,-681
161,"2020-02-12","purchase",743,-1424
161,"2020-02-20","purchase",553,-1977
161,"2020-02-23","deposit",380,-1597
161,"2020-02-29","deposit",636,-961
161,"2020-03-02","deposit",832,-129
161,"2020-03-11","deposit",342,213
161,"2020-03-15","deposit",177,390
161,"2020-03-16","purchase",379,11
161,"2020-03-21","purchase",735,-724
161,"2020-03-27","withdrawal",722,-1446
161,"2020-03-30","withdrawal",243,-1689
161,"2020-03-31","deposit",869,-820
161,"2020-03-31","deposit",529,-291
162,"2020-01-10","deposit",123,123
162,"2020-02-01","deposit",847,970
162,"2020-02-08","purchase",186,784
163,"2020-01-14","deposit",523,523
163,"2020-01-18","purchase",596,-73
163,"2020-02-09","purchase",118,-191
163,"2020-02-12","purchase",137,-328
163,"2020-03-02","withdrawal",197,-525
163,"2020-03-09","withdrawal",747,-1272
163,"2020-03-14","purchase",867,-2139
163,"2020-03-26","withdrawal",792,-2931
163,"2020-03-27","withdrawal",185,-3116
163,"2020-04-02","purchase",579,-3695
163,"2020-04-03","purchase",969,-4664
163,"2020-04-04","deposit",622,-4042
163,"2020-04-06","deposit",581,-3461
163,"2020-04-07","deposit",406,-3055
164,"2020-01-10","deposit",548,548
164,"2020-02-16","deposit",409,957
165,"2020-01-23","deposit",42,42
165,"2020-01-24","purchase",393,-351
165,"2020-01-25","deposit",391,40
165,"2020-01-26","deposit",439,479
165,"2020-01-28","purchase",540,-61
165,"2020-02-02","deposit",185,124
165,"2020-02-08","deposit",250,374
165,"2020-02-14","purchase",593,-219
165,"2020-02-25","withdrawal",869,-1088
165,"2020-03-03","withdrawal",901,-1989
165,"2020-03-05","withdrawal",199,-2188
165,"2020-03-17","purchase",230,-2418
165,"2020-03-17","purchase",714,-3132
165,"2020-03-21","purchase",784,-3916
165,"2020-03-22","deposit",215,-3701
165,"2020-04-02","deposit",763,-2938
165,"2020-04-02","deposit",353,-2585
165,"2020-04-06","withdrawal",985,-3570
165,"2020-04-10","withdrawal",297,-3867
165,"2020-04-12","withdrawal",164,-4031
165,"2020-04-17","deposit",197,-3834
165,"2020-04-21","withdrawal",97,-3931
166,"2020-01-22","deposit",957,957
166,"2020-02-13","deposit",589,1546
166,"2020-03-11","deposit",285,1831
166,"2020-03-25","withdrawal",528,1303
166,"2020-04-06","deposit",185,1488
166,"2020-04-13","deposit",295,1783
167,"2020-01-30","deposit",51,51
167,"2020-02-03","deposit",545,596
167,"2020-02-04","purchase",12,584
167,"2020-02-06","deposit",101,685
167,"2020-02-09","deposit",669,1354
167,"2020-02-21","withdrawal",88,1266
167,"2020-02-29","purchase",692,574
167,"2020-03-02","withdrawal",6,568
167,"2020-03-03","deposit",14,582
167,"2020-03-07","purchase",244,338
167,"2020-03-11","withdrawal",804,-466
167,"2020-03-13","purchase",49,-515
167,"2020-03-16","purchase",51,-566
167,"2020-04-02","withdrawal",711,-1277
167,"2020-04-07","deposit",766,-511
167,"2020-04-18","deposit",942,431
167,"2020-04-21","purchase",163,268
167,"2020-04-21","deposit",153,421
167,"2020-04-23","withdrawal",180,241
167,"2020-04-25","withdrawal",989,-748
168,"2020-01-13","deposit",114,114
168,"2020-02-03","deposit",187,301
168,"2020-02-24","purchase",919,-618
168,"2020-02-25","purchase",183,-801
169,"2020-01-10","deposit",628,628
169,"2020-01-14","withdrawal",601,27
169,"2020-01-19","purchase",268,-241
169,"2020-01-25","purchase",985,-1226
169,"2020-01-29","deposit",657,-569
169,"2020-02-06","deposit",176,-393
169,"2020-02-19","withdrawal",417,-810
169,"2020-02-26","deposit",59,-751
169,"2020-02-28","withdrawal",439,-1190
169,"2020-03-09","deposit",737,-453
169,"2020-03-15","withdrawal",3,-456
169,"2020-03-16","deposit",529,73
169,"2020-03-22","purchase",64,9
169,"2020-04-08","deposit",897,906
170,"2020-01-14","deposit",788,788
170,"2020-01-21","deposit",339,1127
170,"2020-01-28","withdrawal",759,368
170,"2020-01-30","withdrawal",406,-38
170,"2020-02-11","purchase",335,-373
170,"2020-03-13","purchase",773,-1146
170,"2020-03-15","deposit",675,-471
170,"2020-03-15","deposit",560,89
170,"2020-03-20","withdrawal",226,-137
170,"2020-04-02","purchase",392,-529
170,"2020-04-03","deposit",296,-233
170,"2020-04-04","purchase",617,-850
171,"2020-01-17","deposit",471,471
171,"2020-01-21","purchase",795,-324
171,"2020-01-21","purchase",270,-594
171,"2020-01-23","deposit",397,-197
171,"2020-02-02","withdrawal",989,-1186
171,"2020-02-12","deposit",451,-735
171,"2020-02-24","withdrawal",721,-1456
171,"2020-02-26","deposit",699,-757
171,"2020-02-29","withdrawal",643,-1400
171,"2020-03-18","withdrawal",201,-1601
171,"2020-03-22","withdrawal",765,-2366
171,"2020-03-24","deposit",445,-1921
171,"2020-04-03","withdrawal",297,-2218
171,"2020-04-06","deposit",548,-1670
171,"2020-04-12","deposit",759,-911
172,"2020-01-12","deposit",548,548
172,"2020-01-14","withdrawal",966,-418
172,"2020-01-31","deposit",244,-174
172,"2020-03-10","deposit",59,-115
172,"2020-03-13","withdrawal",446,-561
172,"2020-03-16","withdrawal",477,-1038
173,"2020-01-14","deposit",720,720
173,"2020-01-25","deposit",578,1298
173,"2020-02-04","deposit",486,1784
173,"2020-02-14","withdrawal",383,1401
173,"2020-02-27","purchase",3,1398
173,"2020-03-05","withdrawal",708,690
173,"2020-03-07","deposit",660,1350
173,"2020-03-09","deposit",124,1474
173,"2020-03-23","purchase",562,912
173,"2020-04-07","withdrawal",791,121
174,"2020-01-11","deposit",163,163
174,"2020-01-11","deposit",979,1142
174,"2020-02-11","withdrawal",821,321
174,"2020-02-23","purchase",637,-316
174,"2020-02-25","deposit",218,-98
174,"2020-03-10","withdrawal",540,-638
174,"2020-03-15","withdrawal",855,-1493
174,"2020-03-18","withdrawal",607,-2100
174,"2020-03-20","deposit",965,-1135
174,"2020-04-02","deposit",936,-199
174,"2020-04-08","deposit",843,644
175,"2020-01-14","deposit",300,300
175,"2020-01-15","deposit",546,846
175,"2020-01-20","deposit",53,899
175,"2020-01-21","purchase",35,864
175,"2020-01-22","deposit",99,963
175,"2020-01-24","withdrawal",754,209
175,"2020-01-31","purchase",535,-326
175,"2020-02-04","deposit",242,-84
175,"2020-02-20","purchase",671,-755
175,"2020-03-06","purchase",505,-1260
175,"2020-03-08","withdrawal",336,-1596
175,"2020-03-10","withdrawal",201,-1797
175,"2020-03-15","withdrawal",135,-1932
175,"2020-03-17","deposit",110,-1822
175,"2020-04-05","purchase",897,-2719
175,"2020-04-05","deposit",989,-1730
175,"2020-04-06","deposit",181,-1549
176,"2020-01-26","deposit",655,655
176,"2020-02-04","withdrawal",828,-173
176,"2020-02-13","deposit",434,261
176,"2020-02-16","deposit",344,605
176,"2020-03-15","withdrawal",103,502
176,"2020-03-24","purchase",968,-466
176,"2020-03-27","withdrawal",65,-531
176,"2020-04-02","withdrawal",536,-1067
177,"2020-01-20","deposit",351,351
177,"2020-01-22","deposit",54,405
177,"2020-02-01","withdrawal",645,-240
177,"2020-02-08","deposit",802,562
177,"2020-02-20","deposit",135,697
177,"2020-02-22","withdrawal",853,-156
177,"2020-03-05","withdrawal",681,-837
177,"2020-03-09","deposit",706,-131
177,"2020-03-12","purchase",832,-963
177,"2020-03-14","purchase",78,-1041
177,"2020-03-18","purchase",960,-2001
177,"2020-03-20","deposit",948,-1053
177,"2020-03-21","deposit",411,-642
177,"2020-03-23","deposit",772,130
177,"2020-03-28","deposit",499,629
177,"2020-03-30","deposit",171,800
177,"2020-04-01","purchase",985,-185
177,"2020-04-15","purchase",789,-974
178,"2020-01-23","deposit",176,176
178,"2020-01-23","deposit",76,252
178,"2020-02-03","withdrawal",234,18
178,"2020-02-10","deposit",23,41
178,"2020-02-14","purchase",97,-56
178,"2020-02-17","deposit",443,387
178,"2020-03-10","withdrawal",387,0
178,"2020-03-10","deposit",800,800
178,"2020-03-17","withdrawal",147,653
178,"2020-03-19","purchase",244,409
178,"2020-03-25","withdrawal",19,390
178,"2020-04-08","withdrawal",500,-110
178,"2020-04-15","purchase",898,-1008
178,"2020-04-19","purchase",975,-1983
179,"2020-01-05","deposit",19,19
179,"2020-01-11","purchase",892,-873
179,"2020-01-13","deposit",470,-403
179,"2020-01-14","purchase",882,-1285
179,"2020-01-26","deposit",58,-1227
179,"2020-01-26","withdrawal",488,-1715
179,"2020-01-28","withdrawal",39,-1754
179,"2020-02-01","purchase",752,-2506
179,"2020-02-05","withdrawal",106,-2612
179,"2020-02-09","purchase",638,-3250
179,"2020-02-10","purchase",384,-3634
179,"2020-02-15","withdrawal",443,-4077
179,"2020-02-15","deposit",691,-3386
179,"2020-03-05","purchase",300,-3686
179,"2020-03-05","withdrawal",740,-4426
179,"2020-03-11","withdrawal",831,-5257
179,"2020-03-14","purchase",688,-5945
179,"2020-03-17","withdrawal",283,-6228
179,"2020-03-19","purchase",597,-6825
179,"2020-03-20","deposit",516,-6309
179,"2020-03-27","purchase",969,-7278
179,"2020-03-31","withdrawal",675,-7953
180,"2020-01-09","deposit",670,670
180,"2020-01-13","purchase",556,114
180,"2020-01-25","withdrawal",952,-838
180,"2020-02-26","withdrawal",970,-1808
180,"2020-03-15","purchase",996,-2804
180,"2020-04-05","withdrawal",371,-3175
181,"2020-01-13","deposit",865,865
181,"2020-01-15","purchase",176,689
181,"2020-01-17","withdrawal",370,319
181,"2020-01-22","deposit",669,988
181,"2020-01-26","withdrawal",165,823
181,"2020-01-29","withdrawal",870,-47
181,"2020-02-06","purchase",712,-759
181,"2020-02-10","purchase",674,-1433
181,"2020-02-13","deposit",880,-553
181,"2020-02-17","purchase",673,-1226
181,"2020-02-24","deposit",576,-650
181,"2020-02-25","deposit",596,-54
181,"2020-02-26","purchase",789,-843
181,"2020-03-12","withdrawal",349,-1192
181,"2020-03-22","withdrawal",365,-1557
181,"2020-03-23","withdrawal",384,-1941
181,"2020-03-24","purchase",339,-2280
181,"2020-03-27","withdrawal",360,-2640
182,"2020-01-08","deposit",97,97
182,"2020-02-04","purchase",868,-771
182,"2020-02-23","deposit",447,-324
182,"2020-02-24","withdrawal",321,-645
182,"2020-02-25","deposit",600,-45
182,"2020-03-16","withdrawal",798,-843
182,"2020-04-01","withdrawal",239,-1082
182,"2020-04-05","deposit",923,-159
183,"2020-01-22","deposit",101,101
183,"2020-01-28","purchase",392,-291
183,"2020-01-29","deposit",743,452
183,"2020-01-31","withdrawal",992,-540
183,"2020-02-09","purchase",37,-577
183,"2020-02-09","withdrawal",435,-1012
183,"2020-02-12","purchase",876,-1888
183,"2020-02-13","withdrawal",983,-2871
183,"2020-02-28","withdrawal",858,-3729
183,"2020-03-07","purchase",862,-4591
183,"2020-03-07","purchase",181,-4772
183,"2020-03-09","withdrawal",275,-5047
183,"2020-03-18","withdrawal",684,-5731
183,"2020-03-23","withdrawal",352,-6083
183,"2020-04-01","deposit",706,-5377
183,"2020-04-01","withdrawal",22,-5399
183,"2020-04-10","deposit",173,-5226
183,"2020-04-11","withdrawal",738,-5964
183,"2020-04-15","withdrawal",596,-6560
184,"2020-01-27","deposit",472,472
184,"2020-02-02","deposit",952,1424
184,"2020-02-06","purchase",807,617
184,"2020-02-10","withdrawal",61,556
184,"2020-02-15","deposit",475,1031
184,"2020-02-15","purchase",713,318
184,"2020-02-17","purchase",649,-331
184,"2020-03-08","purchase",483,-814
184,"2020-03-09","purchase",220,-1034
184,"2020-03-10","purchase",541,-1575
184,"2020-03-13","withdrawal",45,-1620
184,"2020-03-26","withdrawal",910,-2530
184,"2020-04-03","deposit",253,-2277
184,"2020-04-12","deposit",590,-1687
184,"2020-04-20","deposit",129,-1558
184,"2020-04-24","purchase",740,-2298
184,"2020-04-24","withdrawal",880,-3178
185,"2020-01-29","deposit",626,626
185,"2020-02-01","deposit",786,1412
185,"2020-02-04","purchase",193,1219
185,"2020-02-10","withdrawal",143,1076
185,"2020-02-14","withdrawal",640,436
185,"2020-02-27","purchase",447,-11
185,"2020-03-08","purchase",401,-412
185,"2020-03-21","deposit",791,379
185,"2020-03-27","withdrawal",642,-263
185,"2020-03-30","purchase",738,-1001
185,"2020-04-07","purchase",366,-1367
185,"2020-04-08","withdrawal",224,-1591
185,"2020-04-08","purchase",521,-2112
185,"2020-04-12","deposit",825,-1287
185,"2020-04-12","deposit",466,-821
185,"2020-04-15","withdrawal",917,-1738
185,"2020-04-20","purchase",499,-2237
185,"2020-04-22","deposit",884,-1353
185,"2020-04-24","deposit",848,-505
186,"2020-01-17","deposit",968,968
186,"2020-01-27","withdrawal",351,617
186,"2020-01-31","withdrawal",83,534
186,"2020-02-03","purchase",368,166
186,"2020-02-09","deposit",354,520
186,"2020-02-14","deposit",259,779
186,"2020-02-25","purchase",267,512
186,"2020-02-27","deposit",833,1345
186,"2020-03-05","purchase",780,565
186,"2020-03-06","purchase",93,472
186,"2020-03-09","deposit",943,1415
186,"2020-03-11","purchase",130,1285
186,"2020-03-23","withdrawal",641,644
186,"2020-03-25","deposit",798,1442
186,"2020-03-27","deposit",488,1930
186,"2020-04-07","withdrawal",640,1290
186,"2020-04-08","deposit",490,1780
186,"2020-04-08","purchase",743,1037
186,"2020-04-12","deposit",247,1284
187,"2020-01-26","purchase",810,-810
187,"2020-01-26","deposit",599,-211
187,"2020-02-05","purchase",523,-734
187,"2020-02-16","purchase",254,-988
187,"2020-02-19","withdrawal",439,-1427
187,"2020-02-22","deposit",48,-1379
187,"2020-03-04","purchase",753,-2132
187,"2020-03-21","purchase",791,-2923
187,"2020-03-23","purchase",137,-3060
187,"2020-04-06","deposit",928,-2132
187,"2020-04-18","purchase",140,-2272
188,"2020-01-13","deposit",601,601
188,"2020-01-22","withdrawal",340,261
188,"2020-01-27","withdrawal",632,-371
188,"2020-01-29","deposit",259,-112
188,"2020-01-31","withdrawal",72,-184
188,"2020-02-11","deposit",809,625
188,"2020-02-15","deposit",459,1084
188,"2020-02-20","withdrawal",770,314
188,"2020-02-24","deposit",699,1013
188,"2020-03-06","withdrawal",743,270
188,"2020-03-10","deposit",587,857
188,"2020-03-29","withdrawal",314,543
188,"2020-03-30","purchase",491,52
188,"2020-04-02","purchase",473,-421
188,"2020-04-07","purchase",54,-475
189,"2020-01-11","deposit",304,304
189,"2020-01-12","deposit",373,677
189,"2020-01-22","deposit",302,979
189,"2020-01-27","withdrawal",861,118
189,"2020-01-30","purchase",956,-838
189,"2020-02-03","withdrawal",870,-1708
189,"2020-02-06","purchase",393,-2101
189,"2020-03-17","purchase",726,-2827
189,"2020-03-18","withdrawal",462,-3289
189,"2020-03-22","purchase",718,-4007
190,"2020-01-26","deposit",14,14
190,"2020-02-19","deposit",445,459
190,"2020-03-06","purchase",449,10
190,"2020-03-24","deposit",513,523
190,"2020-04-06","deposit",655,1178
191,"2020-01-16","deposit",769,769
191,"2020-01-20","deposit",863,1632
191,"2020-02-02","deposit",143,1775
191,"2020-02-10","withdrawal",469,1306
191,"2020-03-26","purchase",270,1036
191,"2020-04-09","withdrawal",157,879
192,"2020-01-20","deposit",906,906
192,"2020-01-22","deposit",735,1641
192,"2020-01-30","deposit",885,2526
192,"2020-02-04","deposit",686,3212
192,"2020-02-12","deposit",360,3572
192,"2020-02-14","purchase",640,2932
192,"2020-02-14","withdrawal",672,2260
192,"2020-02-14","withdrawal",405,1855
192,"2020-02-22","purchase",773,1082
192,"2020-02-24","purchase",949,133
192,"2020-02-24","deposit",42,175
192,"2020-02-26","withdrawal",355,-180
192,"2020-02-28","withdrawal",663,-843
192,"2020-02-29","deposit",154,-689
192,"2020-03-04","purchase",694,-1383
192,"2020-03-17","withdrawal",250,-1633
192,"2020-03-21","deposit",746,-887
192,"2020-03-23","deposit",938,51
192,"2020-03-27","purchase",253,-202
192,"2020-03-31","deposit",585,383
192,"2020-04-13","deposit",756,1139
193,"2020-01-12","deposit",689,689
193,"2020-03-02","purchase",203,486
194,"2020-01-28","deposit",137,137
194,"2020-02-01","withdrawal",785,-648
194,"2020-02-01","purchase",634,-1282
194,"2020-02-18","purchase",965,-2247
194,"2020-02-29","deposit",36,-2211
194,"2020-03-01","deposit",454,-1757
194,"2020-03-02","withdrawal",695,-2452
194,"2020-03-06","withdrawal",532,-2984
194,"2020-03-10","deposit",769,-2215
194,"2020-03-10","deposit",475,-1740
194,"2020-03-14","deposit",220,-1520
194,"2020-03-15","deposit",392,-1128
194,"2020-03-16","deposit",601,-527
194,"2020-03-24","deposit",705,178
194,"2020-04-04","withdrawal",941,-763
194,"2020-04-05","deposit",347,-416
194,"2020-04-13","purchase",269,-685
194,"2020-04-24","purchase",12,-697
195,"2020-01-19","deposit",489,489
195,"2020-03-23","purchase",83,406
196,"2020-01-13","deposit",734,734
196,"2020-02-04","withdrawal",512,222
196,"2020-02-11","deposit",736,958
196,"2020-02-21","deposit",337,1295
196,"2020-03-25","deposit",87,1382
197,"2020-01-22","deposit",203,203
197,"2020-01-26","withdrawal",649,-446
197,"2020-02-08","deposit",825,379
197,"2020-02-09","purchase",964,-585
197,"2020-02-23","purchase",415,-1000
197,"2020-02-23","deposit",792,-208
197,"2020-02-29","deposit",345,137
197,"2020-03-07","deposit",922,1059
197,"2020-03-10","withdrawal",852,207
197,"2020-03-14","withdrawal",356,-149
197,"2020-03-20","deposit",970,821
197,"2020-03-25","deposit",994,1815
197,"2020-03-31","purchase",655,1160
197,"2020-03-31","purchase",137,1023
197,"2020-04-02","withdrawal",39,984
197,"2020-04-08","deposit",963,1947
197,"2020-04-11","purchase",257,1690
197,"2020-04-11","deposit",733,2423
197,"2020-04-11","deposit",446,2869
197,"2020-04-16","deposit",904,3773
197,"2020-04-17","purchase",88,3685
198,"2020-01-17","deposit",571,571
198,"2020-01-20","purchase",143,428
198,"2020-01-28","deposit",716,1144
198,"2020-02-02","purchase",248,896
198,"2020-02-15","deposit",303,1199
198,"2020-02-16","withdrawal",203,996
198,"2020-02-16","withdrawal",110,886
198,"2020-02-29","withdrawal",598,288
198,"2020-03-08","purchase",15,273
198,"2020-03-17","withdrawal",714,-441
198,"2020-03-20","purchase",498,-939
198,"2020-03-21","deposit",460,-479
198,"2020-03-25","purchase",553,-1032
198,"2020-03-30","purchase",221,-1253
198,"2020-04-15","deposit",496,-757
199,"2020-01-20","deposit",530,530
199,"2020-02-01","withdrawal",687,-157
199,"2020-02-07","deposit",672,515
199,"2020-03-06","purchase",529,-14
199,"2020-04-02","withdrawal",661,-675
199,"2020-04-07","deposit",455,-220
200,"2020-01-29","deposit",997,997
200,"2020-02-07","withdrawal",201,796
200,"2020-02-11","withdrawal",609,187
200,"2020-02-18","deposit",904,1091
200,"2020-02-20","deposit",448,1539
200,"2020-02-24","withdrawal",183,1356
200,"2020-03-09","purchase",143,1213
200,"2020-03-10","deposit",685,1898
200,"2020-03-19","deposit",143,2041
200,"2020-03-19","deposit",873,2914
200,"2020-04-13","deposit",247,3161
200,"2020-04-24","purchase",308,2853
201,"2020-01-02","deposit",646,646
201,"2020-01-20","purchase",564,82
201,"2020-01-25","purchase",442,-360
201,"2020-01-25","deposit",632,272
201,"2020-01-26","purchase",655,-383
201,"2020-02-05","deposit",261,-122
201,"2020-02-24","purchase",78,-200
201,"2020-02-28","withdrawal",92,-292
201,"2020-03-02","deposit",988,696
201,"2020-03-03","deposit",889,1585
201,"2020-03-04","deposit",610,2195
201,"2020-03-05","deposit",135,2330
201,"2020-03-09","withdrawal",808,1522
201,"2020-03-12","purchase",941,581
201,"2020-03-17","withdrawal",362,219
201,"2020-03-18","deposit",787,1006
201,"2020-03-19","deposit",523,1529
202,"2020-01-06","deposit",446,446
202,"2020-01-18","withdrawal",763,-317
202,"2020-01-21","purchase",213,-530
202,"2020-02-06","deposit",52,-478
202,"2020-02-06","deposit",24,-454
202,"2020-02-17","purchase",977,-1431
202,"2020-02-18","deposit",680,-751
202,"2020-02-20","purchase",431,-1182
202,"2020-02-23","deposit",266,-916
202,"2020-03-02","purchase",291,-1207
202,"2020-03-13","deposit",268,-939
202,"2020-03-13","purchase",527,-1466
202,"2020-03-18","withdrawal",135,-1601
202,"2020-03-18","deposit",667,-934
202,"2020-03-27","withdrawal",390,-1324
202,"2020-03-29","purchase",934,-2258
202,"2020-03-31","withdrawal",157,-2415
203,"2020-01-06","deposit",970,970
203,"2020-01-08","deposit",318,1288
203,"2020-01-09","purchase",650,638
203,"2020-01-18","deposit",812,1450
203,"2020-01-20","deposit",789,2239
203,"2020-01-25","deposit",293,2532
203,"2020-01-29","purchase",4,2528
203,"2020-02-05","withdrawal",57,2471
203,"2020-02-07","deposit",862,3333
203,"2020-02-17","deposit",670,4003
203,"2020-02-21","withdrawal",622,3381
203,"2020-02-26","purchase",416,2965
203,"2020-02-27","purchase",133,2832
203,"2020-02-29","deposit",639,3471
203,"2020-03-07","purchase",647,2824
203,"2020-03-10","purchase",358,2466
203,"2020-03-14","deposit",510,2976
203,"2020-03-16","deposit",404,3380
203,"2020-03-27","deposit",169,3549
203,"2020-03-29","deposit",520,4069
203,"2020-03-31","purchase",608,3461
203,"2020-04-04","withdrawal",24,3437
204,"2020-01-28","deposit",749,749
204,"2020-02-24","deposit",290,1039
204,"2020-03-25","deposit",548,1587
204,"2020-04-04","deposit",306,1893
205,"2020-01-02","deposit",608,608
205,"2020-01-07","purchase",361,247
205,"2020-01-12","purchase",671,-424
205,"2020-01-13","withdrawal",296,-720
205,"2020-01-14","withdrawal",300,-1020
205,"2020-01-17","deposit",895,-125
205,"2020-01-19","deposit",743,618
205,"2020-01-21","withdrawal",451,167
205,"2020-01-24","purchase",249,-82
205,"2020-02-02","withdrawal",342,-424
205,"2020-02-03","deposit",767,343
205,"2020-02-03","deposit",683,1026
205,"2020-02-07","withdrawal",432,594
205,"2020-02-14","withdrawal",217,377
205,"2020-02-15","deposit",116,493
205,"2020-02-16","deposit",745,1238
205,"2020-02-20","deposit",560,1798
205,"2020-02-22","withdrawal",587,1211
205,"2020-03-15","purchase",144,1067
206,"2020-01-09","deposit",811,811
206,"2020-01-12","withdrawal",429,382
206,"2020-01-14","purchase",169,213
206,"2020-01-18","withdrawal",768,-555
206,"2020-01-19","deposit",340,-215
206,"2020-02-22","purchase",734,-949
206,"2020-03-02","withdrawal",766,-1715
206,"2020-03-07","withdrawal",168,-1883
206,"2020-03-08","withdrawal",183,-2066
206,"2020-03-15","withdrawal",915,-2981
206,"2020-03-18","purchase",516,-3497
206,"2020-03-26","purchase",738,-4235
206,"2020-03-29","purchase",428,-4663
206,"2020-03-30","purchase",311,-4974
206,"2020-04-04","withdrawal",400,-5374
207,"2020-01-26","deposit",322,322
207,"2020-02-04","withdrawal",754,-432
207,"2020-02-12","purchase",45,-477
207,"2020-02-14","deposit",373,-104
207,"2020-02-23","withdrawal",902,-1006
207,"2020-02-28","withdrawal",948,-1954
207,"2020-03-01","withdrawal",237,-2191
207,"2020-03-02","deposit",668,-1523
207,"2020-03-06","deposit",224,-1299
207,"2020-03-09","withdrawal",536,-1835
207,"2020-03-17","withdrawal",317,-2152
207,"2020-04-11","deposit",798,-1354
207,"2020-04-13","deposit",340,-1014
208,"2020-01-19","deposit",537,537
208,"2020-02-04","purchase",131,406
208,"2020-04-17","deposit",955,1361
209,"2020-01-23","deposit",160,160
209,"2020-01-24","purchase",363,-203
209,"2020-01-25","deposit",904,701
209,"2020-01-30","withdrawal",903,-202
209,"2020-02-22","withdrawal",738,-940
209,"2020-02-24","deposit",174,-766
209,"2020-03-01","withdrawal",430,-1196
209,"2020-03-08","deposit",522,-674
209,"2020-03-14","deposit",909,235
209,"2020-03-14","purchase",913,-678
209,"2020-03-21","withdrawal",66,-744
209,"2020-03-30","purchase",522,-1266
209,"2020-04-03","withdrawal",501,-1767
209,"2020-04-19","withdrawal",584,-2351
210,"2020-01-19","deposit",708,708
210,"2020-01-20","deposit",103,811
210,"2020-01-29","withdrawal",751,60
210,"2020-02-05","purchase",883,-823
210,"2020-02-06","withdrawal",486,-1309
210,"2020-02-16","withdrawal",17,-1326
210,"2020-02-19","withdrawal",267,-1593
210,"2020-02-19","withdrawal",358,-1951
210,"2020-02-21","withdrawal",678,-2629
210,"2020-02-23","deposit",422,-2207
210,"2020-02-26","deposit",203,-2004
210,"2020-02-26","deposit",579,-1425
210,"2020-02-27","deposit",64,-1361
210,"2020-03-06","withdrawal",926,-2287
210,"2020-03-09","deposit",782,-1505
210,"2020-03-11","deposit",662,-843
210,"2020-03-12","deposit",698,-145
210,"2020-03-26","withdrawal",491,-636
210,"2020-03-31","withdrawal",673,-1309
210,"2020-04-08","deposit",517,-792
211,"2020-01-19","deposit",485,485
211,"2020-01-24","deposit",529,1014
211,"2020-01-24","purchase",407,607
211,"2020-02-02","deposit",658,1265
211,"2020-02-10","withdrawal",244,1021
211,"2020-02-17","withdrawal",718,303
211,"2020-02-17","deposit",801,1104
211,"2020-02-26","deposit",735,1839
211,"2020-03-02","purchase",296,1543
211,"2020-03-05","deposit",791,2334
211,"2020-03-16","deposit",141,2475
211,"2020-03-17","deposit",631,3106
211,"2020-03-20","withdrawal",822,2284
211,"2020-03-20","purchase",79,2205
211,"2020-03-21","withdrawal",856,1349
211,"2020-03-23","withdrawal",278,1071
211,"2020-03-28","withdrawal",814,257
211,"2020-04-03","purchase",333,-76
211,"2020-04-12","withdrawal",526,-602
212,"2020-01-02","deposit",336,336
212,"2020-01-13","withdrawal",159,177
212,"2020-01-21","withdrawal",482,-305
212,"2020-01-23","withdrawal",31,-336
212,"2020-02-14","deposit",740,404
212,"2020-02-19","deposit",235,639
212,"2020-02-25","withdrawal",442,197
212,"2020-02-26","withdrawal",127,70
212,"2020-02-28","deposit",16,86
212,"2020-02-29","deposit",395,481
212,"2020-03-02","deposit",683,1164
212,"2020-03-04","purchase",453,711
212,"2020-03-04","deposit",910,1621
212,"2020-03-12","purchase",74,1547
212,"2020-03-14","deposit",521,2068
212,"2020-03-22","deposit",500,2568
212,"2020-03-31","deposit",961,3529
213,"2020-01-17","deposit",421,421
213,"2020-01-21","purchase",942,-521
213,"2020-01-22","withdrawal",265,-786
213,"2020-01-28","deposit",547,-239
213,"2020-02-08","deposit",143,-96
213,"2020-02-10","withdrawal",196,-292
213,"2020-02-13","purchase",949,-1241
213,"2020-02-15","deposit",229,-1012
213,"2020-02-23","purchase",187,-1199
213,"2020-03-21","deposit",562,-637
213,"2020-03-23","withdrawal",4,-641
213,"2020-03-23","purchase",543,-1184
213,"2020-04-14","purchase",533,-1717
214,"2020-01-14","deposit",325,325
214,"2020-01-20","deposit",191,516
214,"2020-01-21","purchase",940,-424
214,"2020-01-31","purchase",21,-445
214,"2020-02-12","withdrawal",645,-1090
214,"2020-02-21","withdrawal",626,-1716
214,"2020-02-22","withdrawal",233,-1949
214,"2020-02-23","deposit",438,-1511
214,"2020-03-02","deposit",698,-813
214,"2020-03-04","deposit",116,-697
214,"2020-03-05","deposit",780,83
214,"2020-04-06","purchase",546,-463
214,"2020-04-07","deposit",918,455
214,"2020-04-10","deposit",347,802
215,"2020-01-27","deposit",822,822
215,"2020-02-13","deposit",157,979
215,"2020-02-15","deposit",813,1792
215,"2020-02-21","purchase",34,1758
215,"2020-02-25","purchase",966,792
215,"2020-02-28","deposit",978,1770
215,"2020-03-05","purchase",212,1558
215,"2020-03-13","purchase",861,697
215,"2020-04-16","withdrawal",283,414
216,"2020-01-04","deposit",567,567
216,"2020-01-04","deposit",140,707
216,"2020-01-05","deposit",721,1428
216,"2020-01-05","purchase",378,1050
216,"2020-01-10","withdrawal",673,377
216,"2020-01-15","deposit",763,1140
216,"2020-01-30","deposit",479,1619
216,"2020-02-02","deposit",913,2532
216,"2020-02-06","deposit",889,3421
216,"2020-02-12","deposit",201,3622
216,"2020-02-14","deposit",766,4388
216,"2020-02-23","withdrawal",780,3608
216,"2020-02-29","withdrawal",306,3302
216,"2020-03-09","purchase",931,2371
216,"2020-03-17","withdrawal",648,1723
216,"2020-03-21","withdrawal",181,1542
216,"2020-03-26","withdrawal",350,1192
216,"2020-03-26","withdrawal",320,872
216,"2020-04-01","purchase",982,-110
217,"2020-01-08","deposit",783,783
217,"2020-01-09","withdrawal",281,502
217,"2020-01-17","deposit",847,1349
217,"2020-01-17","withdrawal",667,682
217,"2020-01-23","deposit",188,870
217,"2020-02-01","deposit",304,1174
217,"2020-02-13","deposit",874,2048
217,"2020-02-15","purchase",15,2033
217,"2020-02-16","withdrawal",909,1124
217,"2020-02-17","deposit",299,1423
217,"2020-02-21","deposit",475,1898
217,"2020-02-23","withdrawal",582,1316
217,"2020-02-26","withdrawal",99,1217
217,"2020-02-29","deposit",622,1839
217,"2020-03-13","withdrawal",555,1284
217,"2020-03-15","deposit",713,1997
217,"2020-03-25","purchase",487,1510
217,"2020-03-26","deposit",35,1545
217,"2020-03-27","withdrawal",951,594
217,"2020-03-31","purchase",585,9
218,"2020-01-29","deposit",208,208
218,"2020-02-09","purchase",805,-597
218,"2020-02-12","purchase",697,-1294
218,"2020-02-13","purchase",933,-2227
218,"2020-02-16","purchase",142,-2369
218,"2020-02-28","deposit",749,-1620
218,"2020-03-02","withdrawal",146,-1766
218,"2020-03-03","deposit",1000,-766
218,"2020-03-04","deposit",67,-699
218,"2020-03-05","deposit",33,-666
218,"2020-03-08","withdrawal",774,-1440
218,"2020-03-08","deposit",583,-857
218,"2020-03-10","deposit",829,-28
218,"2020-03-13","purchase",894,-922
218,"2020-03-15","deposit",80,-842
218,"2020-03-15","deposit",766,-76
218,"2020-03-19","deposit",333,257
218,"2020-03-22","purchase",494,-237
218,"2020-03-23","purchase",228,-465
218,"2020-04-04","deposit",835,370
218,"2020-04-10","withdrawal",80,290
218,"2020-04-19","deposit",877,1167
219,"2020-01-06","purchase",274,-274
219,"2020-01-06","deposit",419,145
219,"2020-01-10","deposit",20,165
219,"2020-02-13","purchase",142,23
219,"2020-02-15","purchase",428,-405
219,"2020-02-17","withdrawal",609,-1014
219,"2020-02-24","withdrawal",282,-1296
219,"2020-02-26","deposit",93,-1203
219,"2020-02-27","withdrawal",256,-1459
219,"2020-02-28","deposit",614,-845
219,"2020-03-01","deposit",1000,155
219,"2020-03-21","deposit",502,657
219,"2020-03-22","deposit",489,1146
219,"2020-03-24","purchase",291,855
219,"2020-03-29","deposit",253,1108
219,"2020-04-03","purchase",802,306
220,"2020-01-21","deposit",307,307
220,"2020-02-02","deposit",776,1083
220,"2020-02-09","purchase",465,618
220,"2020-02-16","deposit",514,1132
220,"2020-02-26","withdrawal",418,714
220,"2020-03-19","deposit",579,1293
220,"2020-03-23","purchase",350,943
220,"2020-03-29","purchase",972,-29
220,"2020-04-01","deposit",326,297
220,"2020-04-05","withdrawal",657,-360
220,"2020-04-06","withdrawal",762,-1122
220,"2020-04-13","deposit",164,-958
221,"2020-01-06","deposit",147,147
221,"2020-01-17","deposit",112,259
221,"2020-01-21","purchase",14,245
221,"2020-01-23","deposit",256,501
221,"2020-01-24","deposit",883,1384
221,"2020-02-24","deposit",508,1892
221,"2020-02-27","purchase",411,1481
221,"2020-03-07","withdrawal",427,1054
221,"2020-03-07","deposit",312,1366
221,"2020-03-08","purchase",136,1230
221,"2020-03-14","purchase",175,1055
222,"2020-01-11","deposit",311,311
222,"2020-01-25","deposit",57,368
222,"2020-01-27","deposit",289,657
222,"2020-02-04","deposit",245,902
222,"2020-02-17","deposit",925,1827
222,"2020-02-19","deposit",640,2467
222,"2020-02-19","withdrawal",567,1900
222,"2020-02-21","deposit",97,1997
222,"2020-03-08","purchase",861,1136
222,"2020-04-09","deposit",396,1532
223,"2020-01-11","deposit",431,431
223,"2020-01-14","deposit",813,1244
223,"2020-01-23","withdrawal",948,296
223,"2020-01-26","deposit",336,632
223,"2020-01-27","purchase",268,364
223,"2020-01-31","deposit",32,396
223,"2020-02-02","purchase",956,-560
223,"2020-02-12","withdrawal",540,-1100
223,"2020-03-01","purchase",364,-1464
223,"2020-03-05","withdrawal",822,-2286
223,"2020-03-06","deposit",956,-1330
223,"2020-03-11","deposit",24,-1306
223,"2020-03-18","deposit",139,-1167
223,"2020-03-20","withdrawal",257,-1424
223,"2020-03-26","withdrawal",846,-2270
223,"2020-03-29","purchase",25,-2295
223,"2020-03-29","deposit",572,-1723
223,"2020-04-06","deposit",490,-1233
223,"2020-04-06","purchase",870,-2103
223,"2020-04-09","withdrawal",332,-2435
224,"2020-01-21","deposit",487,487
224,"2020-02-13","purchase",491,-4
224,"2020-02-14","purchase",765,-769
224,"2020-02-20","deposit",899,130
224,"2020-02-22","purchase",336,-206
224,"2020-03-12","withdrawal",907,-1113
224,"2020-03-13","deposit",883,-230
224,"2020-03-26","deposit",486,256
224,"2020-03-28","purchase",910,-654
224,"2020-03-31","withdrawal",927,-1581
224,"2020-04-04","deposit",212,-1369
225,"2020-01-10","deposit",280,280
225,"2020-02-13","deposit",489,769
225,"2020-02-29","withdrawal",858,-89
225,"2020-03-11","deposit",567,478
225,"2020-03-26","withdrawal",75,403
225,"2020-03-28","purchase",106,297
226,"2020-01-11","deposit",854,854
226,"2020-01-17","withdrawal",762,92
226,"2020-01-19","purchase",930,-838
226,"2020-01-23","deposit",529,-309
226,"2020-01-29","withdrawal",671,-980
226,"2020-02-01","deposit",485,-495
226,"2020-02-06","deposit",427,-68
226,"2020-02-12","purchase",47,-115
226,"2020-02-12","deposit",262,147
226,"2020-02-12","purchase",757,-610
226,"2020-02-12","purchase",200,-810
226,"2020-02-25","deposit",560,-250
226,"2020-02-26","purchase",336,-586
226,"2020-03-14","withdrawal",479,-1065
226,"2020-03-18","withdrawal",320,-1385
226,"2020-03-18","purchase",946,-2331
226,"2020-03-25","deposit",429,-1902
226,"2020-03-30","withdrawal",231,-2133
226,"2020-03-31","deposit",278,-1855
226,"2020-04-01","withdrawal",356,-2211
226,"2020-04-03","purchase",73,-2284
226,"2020-04-07","deposit",854,-1430
227,"2020-01-07","deposit",468,468
227,"2020-01-12","withdrawal",819,-351
227,"2020-01-24","purchase",271,-622
227,"2020-02-03","withdrawal",872,-1494
227,"2020-02-24","deposit",449,-1045
227,"2020-03-01","purchase",537,-1582
227,"2020-03-10","deposit",393,-1189
227,"2020-03-16","purchase",559,-1748
227,"2020-03-21","withdrawal",106,-1854
227,"2020-03-22","withdrawal",482,-2336
227,"2020-04-04","withdrawal",825,-3161
228,"2020-01-10","deposit",294,294
228,"2020-02-27","withdrawal",547,-253
228,"2020-03-28","purchase",760,-1013
228,"2020-03-30","purchase",711,-1724
229,"2020-01-23","deposit",180,180
229,"2020-01-30","deposit",441,621
229,"2020-02-19","deposit",997,1618
229,"2020-03-16","purchase",915,703
230,"2020-01-21","deposit",675,675
230,"2020-01-28","withdrawal",176,499
230,"2020-02-08","withdrawal",108,391
230,"2020-02-09","deposit",959,1350
230,"2020-02-25","purchase",360,990
230,"2020-03-02","deposit",35,1025
230,"2020-03-19","deposit",527,1552
230,"2020-03-24","deposit",876,2428
230,"2020-04-06","withdrawal",72,2356
231,"2020-01-20","deposit",122,122
231,"2020-01-28","withdrawal",120,2
231,"2020-01-30","purchase",238,-236
231,"2020-02-07","withdrawal",64,-300
231,"2020-02-14","withdrawal",572,-872
231,"2020-02-16","deposit",736,-136
231,"2020-02-22","purchase",398,-534
231,"2020-03-02","withdrawal",199,-733
231,"2020-03-06","purchase",952,-1685
231,"2020-03-13","purchase",258,-1943
231,"2020-03-31","withdrawal",67,-2010
231,"2020-04-04","deposit",22,-1988
231,"2020-04-09","withdrawal",487,-2475
232,"2020-01-02","deposit",843,843
232,"2020-01-11","deposit",833,1676
232,"2020-01-23","deposit",551,2227
232,"2020-01-27","purchase",809,1418
232,"2020-02-08","purchase",227,1191
232,"2020-02-10","withdrawal",54,1137
232,"2020-02-10","deposit",411,1548
232,"2020-02-16","purchase",612,936
232,"2020-02-16","purchase",502,434
232,"2020-02-20","deposit",227,661
232,"2020-02-21","withdrawal",252,409
232,"2020-02-27","deposit",455,864
232,"2020-03-06","withdrawal",738,126
232,"2020-03-09","purchase",22,104
232,"2020-03-28","deposit",584,688
232,"2020-03-30","deposit",235,923
233,"2020-01-03","deposit",187,187
233,"2020-01-08","deposit",833,1020
233,"2020-01-17","deposit",801,1821
233,"2020-01-21","purchase",471,1350
233,"2020-01-23","deposit",445,1795
233,"2020-02-08","deposit",234,2029
233,"2020-02-12","deposit",837,2866
233,"2020-02-14","deposit",572,3438
233,"2020-02-28","purchase",528,2910
233,"2020-03-01","deposit",832,3742
234,"2020-01-03","deposit",236,236
234,"2020-01-04","deposit",295,531
234,"2020-01-04","purchase",134,397
234,"2020-01-06","deposit",418,815
234,"2020-01-16","purchase",937,-122
234,"2020-01-24","purchase",76,-198
234,"2020-01-28","purchase",2,-200
234,"2020-02-01","withdrawal",110,-310
234,"2020-02-02","withdrawal",250,-560
234,"2020-02-18","purchase",834,-1394
234,"2020-02-22","deposit",567,-827
234,"2020-02-24","deposit",222,-605
234,"2020-02-29","deposit",927,322
234,"2020-03-03","purchase",325,-3
234,"2020-03-06","purchase",875,-878
234,"2020-03-09","purchase",426,-1304
234,"2020-03-09","purchase",701,-2005
234,"2020-03-13","deposit",904,-1101
234,"2020-03-15","deposit",656,-445
234,"2020-03-17","withdrawal",745,-1190
234,"2020-03-20","withdrawal",494,-1684
234,"2020-03-29","purchase",592,-2276
235,"2020-01-07","deposit",723,723
235,"2020-01-10","purchase",919,-196
235,"2020-01-22","purchase",890,-1086
235,"2020-01-31","purchase",877,-1963
235,"2020-02-06","deposit",428,-1535
235,"2020-02-22","deposit",535,-1000
235,"2020-02-25","deposit",524,-476
235,"2020-03-16","deposit",530,54
235,"2020-03-20","withdrawal",30,24
236,"2020-01-27","deposit",356,356
236,"2020-02-05","deposit",335,691
236,"2020-02-18","deposit",538,1229
236,"2020-02-25","withdrawal",170,1059
236,"2020-03-07","deposit",836,1895
236,"2020-03-14","deposit",347,2242
236,"2020-03-19","withdrawal",771,1471
236,"2020-03-23","deposit",419,1890
236,"2020-03-25","withdrawal",966,924
236,"2020-04-01","purchase",501,423
236,"2020-04-10","withdrawal",73,350
236,"2020-04-14","purchase",450,-100
237,"2020-01-16","deposit",106,106
237,"2020-01-21","withdrawal",280,-174
237,"2020-02-07","deposit",845,671
237,"2020-02-09","withdrawal",29,642
237,"2020-02-15","withdrawal",289,353
237,"2020-02-15","withdrawal",217,136
237,"2020-03-16","deposit",679,815
237,"2020-03-23","deposit",752,1567
237,"2020-04-01","withdrawal",155,1412
237,"2020-04-02","deposit",9,1421
237,"2020-04-05","deposit",653,2074
237,"2020-04-08","purchase",480,1594
237,"2020-04-12","purchase",782,812
238,"2020-01-18","deposit",896,896
238,"2020-01-18","purchase",94,802
238,"2020-02-09","deposit",585,1387
238,"2020-02-12","withdrawal",278,1109
238,"2020-02-16","deposit",161,1270
238,"2020-04-10","withdrawal",929,341
238,"2020-04-12","purchase",820,-479
239,"2020-01-18","purchase",618,-618
239,"2020-01-18","deposit",771,153
239,"2020-01-24","purchase",40,113
239,"2020-01-25","purchase",123,-10
239,"2020-02-12","deposit",716,706
239,"2020-03-01","purchase",345,361
239,"2020-03-09","withdrawal",113,248
239,"2020-03-12","deposit",506,754
239,"2020-03-21","deposit",586,1340
239,"2020-03-29","withdrawal",718,622
239,"2020-03-29","withdrawal",48,574
239,"2020-04-06","deposit",829,1403
239,"2020-04-08","deposit",468,1871
240,"2020-01-10","deposit",872,872
240,"2020-01-12","purchase",725,147
240,"2020-01-20","deposit",748,895
240,"2020-01-29","purchase",684,211
240,"2020-01-30","deposit",897,1108
240,"2020-02-01","purchase",313,795
240,"2020-02-01","purchase",6,789
240,"2020-02-07","purchase",35,754
240,"2020-03-01","deposit",864,1618
240,"2020-03-08","deposit",460,2078
240,"2020-03-08","deposit",853,2931
240,"2020-03-17","withdrawal",494,2437
240,"2020-03-24","deposit",995,3432
240,"2020-03-25","withdrawal",232,3200
240,"2020-04-01","withdrawal",35,3165
240,"2020-04-03","purchase",258,2907
240,"2020-04-04","deposit",168,3075
241,"2020-01-01","deposit",161,161
241,"2020-01-05","purchase",141,20
242,"2020-01-20","deposit",256,256
242,"2020-01-22","purchase",227,29
242,"2020-01-27","deposit",441,470
242,"2020-01-28","deposit",673,1143
242,"2020-02-10","withdrawal",835,308
242,"2020-02-12","withdrawal",228,80
242,"2020-02-20","withdrawal",328,-248
242,"2020-02-22","deposit",134,-114
242,"2020-02-26","withdrawal",643,-757
242,"2020-02-28","deposit",295,-462
242,"2020-03-02","deposit",286,-176
242,"2020-03-09","purchase",225,-401
242,"2020-03-12","withdrawal",654,-1055
242,"2020-03-16","withdrawal",713,-1768
242,"2020-03-16","withdrawal",123,-1891
242,"2020-04-01","purchase",503,-2394
242,"2020-04-05","withdrawal",915,-3309
242,"2020-04-05","withdrawal",372,-3681
242,"2020-04-09","deposit",1,-3680
242,"2020-04-12","purchase",337,-4017
242,"2020-04-14","withdrawal",47,-4064
242,"2020-04-18","deposit",730,-3334
243,"2020-01-01","deposit",247,247
243,"2020-01-05","purchase",439,-192
243,"2020-01-14","withdrawal",176,-368
243,"2020-03-13","deposit",964,596
243,"2020-03-21","deposit",351,947
243,"2020-03-24","deposit",32,979
244,"2020-01-27","deposit",728,728
244,"2020-02-05","purchase",220,508
244,"2020-02-13","deposit",448,956
244,"2020-02-18","deposit",796,1752
244,"2020-03-31","deposit",178,1930
244,"2020-04-10","purchase",284,1646
244,"2020-04-18","withdrawal",769,877
245,"2020-01-30","deposit",76,76
245,"2020-02-14","deposit",320,396
245,"2020-02-19","withdrawal",737,-341
245,"2020-03-01","deposit",483,142
245,"2020-03-01","purchase",82,60
245,"2020-03-04","purchase",116,-56
245,"2020-03-08","deposit",345,289
245,"2020-03-10","withdrawal",45,244
245,"2020-03-20","deposit",127,371
245,"2020-03-22","withdrawal",870,-499
245,"2020-03-23","purchase",434,-933
245,"2020-03-23","withdrawal",536,-1469
245,"2020-03-27","withdrawal",322,-1791
245,"2020-04-07","deposit",891,-900
245,"2020-04-07","purchase",620,-1520
245,"2020-04-12","deposit",244,-1276
245,"2020-04-16","deposit",266,-1010
245,"2020-04-24","deposit",880,-130
245,"2020-04-28","withdrawal",891,-1021
246,"2020-01-29","deposit",506,506
246,"2020-02-10","deposit",609,1115
246,"2020-02-18","purchase",531,584
246,"2020-03-03","deposit",909,1493
246,"2020-03-05","withdrawal",527,966
246,"2020-03-25","withdrawal",689,277
246,"2020-04-03","purchase",859,-582
246,"2020-04-07","deposit",265,-317
246,"2020-04-08","purchase",860,-1177
246,"2020-04-09","withdrawal",955,-2132
247,"2020-01-01","deposit",930,930
247,"2020-01-02","deposit",53,983
247,"2020-02-04","deposit",348,1331
247,"2020-02-15","purchase",754,577
247,"2020-03-11","purchase",317,260
247,"2020-03-13","deposit",132,392
247,"2020-03-28","withdrawal",95,297
248,"2020-01-24","deposit",304,304
248,"2020-02-04","deposit",980,1284
248,"2020-02-10","withdrawal",617,667
248,"2020-03-04","purchase",938,-271
248,"2020-03-13","deposit",654,383
248,"2020-03-26","deposit",572,955
248,"2020-04-05","deposit",844,1799
248,"2020-04-08","withdrawal",620,1179
248,"2020-04-10","withdrawal",166,1013
248,"2020-04-19","deposit",175,1188
249,"2020-01-14","deposit",336,336
249,"2020-03-02","deposit",729,1065
249,"2020-04-12","withdrawal",170,895
250,"2020-01-25","deposit",625,625
250,"2020-01-28","withdrawal",476,149
250,"2020-02-12","purchase",389,-240
250,"2020-02-24","deposit",850,610
250,"2020-02-27","purchase",610,0
250,"2020-03-04","purchase",643,-643
250,"2020-03-04","withdrawal",47,-690
250,"2020-03-09","deposit",146,-544
250,"2020-03-12","deposit",895,351
250,"2020-03-26","deposit",493,844
250,"2020-03-31","withdrawal",667,177
250,"2020-04-02","withdrawal",195,-18
250,"2020-04-03","withdrawal",903,-921
250,"2020-04-17","withdrawal",634,-1555
251,"2020-01-09","deposit",961,961
251,"2020-01-19","withdrawal",413,548
251,"2020-01-19","purchase",108,440
251,"2020-01-21","deposit",836,1276
251,"2020-02-12","purchase",874,402
251,"2020-02-17","purchase",783,-381
251,"2020-02-27","deposit",200,-181
251,"2020-02-28","withdrawal",743,-924
251,"2020-03-03","withdrawal",977,-1901
251,"2020-03-07","deposit",703,-1198
251,"2020-03-09","purchase",598,-1796
251,"2020-03-11","deposit",323,-1473
251,"2020-03-11","withdrawal",238,-1711
251,"2020-03-17","purchase",153,-1864
251,"2020-03-25","deposit",595,-1269
251,"2020-03-29","deposit",39,-1230
251,"2020-04-01","withdrawal",653,-1883
252,"2020-01-26","deposit",982,982
252,"2020-01-28","purchase",693,289
252,"2020-04-24","withdrawal",156,133
253,"2020-01-29","withdrawal",971,-971
253,"2020-01-29","deposit",976,5
253,"2020-01-30","withdrawal",583,-578
253,"2020-02-07","purchase",724,-1302
253,"2020-02-11","deposit",754,-548
253,"2020-02-11","deposit",463,-85
253,"2020-02-22","purchase",492,-577
253,"2020-03-17","purchase",723,-1300
253,"2020-03-24","deposit",843,-457
253,"2020-04-04","withdrawal",257,-714
253,"2020-04-06","withdrawal",990,-1704
253,"2020-04-06","deposit",239,-1465
253,"2020-04-25","deposit",981,-484
254,"2020-01-05","deposit",856,856
254,"2020-01-27","purchase",820,36
254,"2020-02-02","purchase",482,-446
254,"2020-02-08","withdrawal",971,-1417
254,"2020-02-10","withdrawal",314,-1731
254,"2020-02-23","purchase",931,-2662
254,"2020-02-27","purchase",221,-2883
254,"2020-03-14","withdrawal",782,-3665
254,"2020-03-18","deposit",590,-3075
254,"2020-03-27","deposit",961,-2114
254,"2020-03-28","deposit",778,-1336
254,"2020-03-29","deposit",17,-1319
254,"2020-03-30","purchase",5,-1324
254,"2020-03-31","deposit",734,-590
255,"2020-01-14","deposit",563,563
255,"2020-01-31","purchase",310,253
255,"2020-02-16","purchase",479,-226
255,"2020-02-27","deposit",355,129
255,"2020-03-10","deposit",105,234
255,"2020-03-28","purchase",782,-548
256,"2020-01-26","deposit",811,811
256,"2020-01-26","deposit",932,1743
256,"2020-02-04","deposit",10,1753
256,"2020-02-15","withdrawal",372,1381
256,"2020-02-20","withdrawal",278,1103
256,"2020-02-24","purchase",72,1031
256,"2020-02-26","purchase",636,395
256,"2020-02-27","deposit",962,1357
256,"2020-02-29","purchase",451,906
256,"2020-03-02","deposit",469,1375
256,"2020-03-09","deposit",589,1964
256,"2020-03-10","purchase",354,1610
256,"2020-03-22","deposit",82,1692
256,"2020-03-23","withdrawal",540,1152
256,"2020-04-04","purchase",191,961
256,"2020-04-08","deposit",78,1039
256,"2020-04-10","withdrawal",562,477
256,"2020-04-17","purchase",327,150
256,"2020-04-20","deposit",944,1094
257,"2020-01-20","deposit",493,493
257,"2020-01-27","withdrawal",79,414
257,"2020-02-04","purchase",62,352
257,"2020-02-13","withdrawal",319,33
257,"2020-02-17","deposit",13,46
257,"2020-02-19","purchase",929,-883
257,"2020-02-22","deposit",501,-382
257,"2020-02-24","purchase",546,-928
257,"2020-02-28","withdrawal",681,-1609
257,"2020-03-01","withdrawal",659,-2268
257,"2020-03-03","deposit",815,-1453
257,"2020-03-07","withdrawal",105,-1558
257,"2020-03-16","purchase",53,-1611
257,"2020-03-18","withdrawal",31,-1642
257,"2020-03-19","deposit",401,-1241
257,"2020-03-20","deposit",769,-472
257,"2020-04-13","purchase",504,-976
258,"2020-01-25","deposit",590,590
258,"2020-02-04","purchase",849,-259
258,"2020-02-14","purchase",817,-1076
258,"2020-03-04","withdrawal",379,-1455
258,"2020-03-06","purchase",782,-2237
258,"2020-03-16","deposit",43,-2194
258,"2020-03-25","deposit",115,-2079
258,"2020-03-26","purchase",814,-2893
258,"2020-04-03","deposit",819,-2074
258,"2020-04-13","deposit",609,-1465
259,"2020-01-04","deposit",744,744
259,"2020-01-08","purchase",672,72
259,"2020-01-14","deposit",714,786
259,"2020-01-18","deposit",745,1531
259,"2020-01-18","purchase",695,836
259,"2020-01-25","withdrawal",352,484
259,"2020-01-30","purchase",188,296
259,"2020-01-31","deposit",632,928
259,"2020-02-06","purchase",347,581
259,"2020-02-17","withdrawal",982,-401
259,"2020-02-18","withdrawal",41,-442
259,"2020-02-22","withdrawal",464,-906
259,"2020-02-23","deposit",639,-267
259,"2020-03-08","deposit",223,-44
259,"2020-03-17","withdrawal",593,-637
259,"2020-03-30","withdrawal",821,-1458
260,"2020-01-26","deposit",899,899
260,"2020-01-28","deposit",966,1865
260,"2020-03-07","withdrawal",952,913
260,"2020-03-24","deposit",996,1909
261,"2020-01-25","deposit",746,746
261,"2020-02-04","deposit",974,1720
261,"2020-02-14","deposit",27,1747
261,"2020-02-20","withdrawal",339,1408
261,"2020-03-02","purchase",778,630
261,"2020-03-07","withdrawal",959,-329
261,"2020-04-05","deposit",298,-31
262,"2020-01-04","deposit",83,83
262,"2020-01-04","withdrawal",728,-645
262,"2020-01-11","withdrawal",368,-1013
262,"2020-01-23","purchase",57,-1070
262,"2020-02-15","purchase",702,-1772
262,"2020-02-16","purchase",227,-1999
262,"2020-02-17","purchase",16,-2015
262,"2020-02-18","withdrawal",584,-2599
262,"2020-03-06","deposit",97,-2502
262,"2020-03-07","withdrawal",516,-3018
262,"2020-03-11","deposit",264,-2754
262,"2020-03-19","deposit",646,-2108
262,"2020-03-20","deposit",610,-1498
262,"2020-03-23","purchase",871,-2369
262,"2020-03-24","purchase",28,-2397
262,"2020-03-25","deposit",155,-2242
262,"2020-03-31","withdrawal",130,-2372
263,"2020-01-16","deposit",312,312
263,"2020-02-22","purchase",200,112
263,"2020-04-05","deposit",658,770
264,"2020-01-16","deposit",876,876
264,"2020-01-16","deposit",41,917
264,"2020-01-23","purchase",147,770
264,"2020-02-04","purchase",75,695
264,"2020-02-25","deposit",850,1545
264,"2020-03-10","deposit",886,2431
264,"2020-03-18","deposit",362,2793
264,"2020-03-18","deposit",987,3780
264,"2020-03-19","purchase",760,3020
264,"2020-03-25","purchase",932,2088
264,"2020-04-06","withdrawal",793,1295
265,"2020-01-08","deposit",699,699
265,"2020-01-10","deposit",92,791
265,"2020-01-14","withdrawal",818,-27
265,"2020-01-18","deposit",2,-25
265,"2020-02-05","purchase",161,-186
265,"2020-02-10","purchase",193,-379
265,"2020-02-14","purchase",577,-956
265,"2020-02-17","purchase",73,-1029
265,"2020-02-28","withdrawal",452,-1481
265,"2020-03-03","deposit",280,-1201
265,"2020-03-07","deposit",36,-1165
265,"2020-03-08","deposit",483,-682
265,"2020-03-09","deposit",531,-151
265,"2020-03-16","purchase",257,-408
265,"2020-03-23","purchase",835,-1243
265,"2020-03-26","withdrawal",881,-2124
265,"2020-03-27","deposit",89,-2035
265,"2020-03-29","withdrawal",557,-2592
265,"2020-04-05","deposit",644,-1948
266,"2020-01-17","deposit",651,651
266,"2020-02-05","deposit",804,1455
266,"2020-03-12","purchase",668,787
266,"2020-04-01","withdrawal",507,280
266,"2020-04-15","deposit",858,1138
267,"2020-01-19","deposit",31,31
267,"2020-01-29","purchase",196,-165
267,"2020-01-30","withdrawal",660,-825
267,"2020-01-31","deposit",632,-193
267,"2020-02-11","withdrawal",523,-716
267,"2020-02-20","purchase",497,-1213
267,"2020-02-27","purchase",325,-1538
267,"2020-02-27","withdrawal",530,-2068
267,"2020-03-06","deposit",201,-1867
267,"2020-03-08","purchase",880,-2747
267,"2020-03-17","withdrawal",970,-3717
267,"2020-03-21","withdrawal",501,-4218
267,"2020-03-21","withdrawal",729,-4947
267,"2020-03-28","withdrawal",289,-5236
267,"2020-04-04","deposit",996,-4240
267,"2020-04-04","deposit",917,-3323
267,"2020-04-10","deposit",530,-2793
267,"2020-04-13","deposit",351,-2442
268,"2020-01-11","deposit",744,744
268,"2020-01-12","deposit",589,1333
268,"2020-01-15","deposit",291,1624
268,"2020-01-18","deposit",759,2383
268,"2020-01-21","deposit",249,2632
268,"2020-01-22","purchase",547,2085
268,"2020-01-31","withdrawal",386,1699
268,"2020-02-01","withdrawal",937,762
268,"2020-02-04","purchase",169,593
268,"2020-02-09","purchase",104,489
268,"2020-02-13","deposit",503,992
268,"2020-02-13","withdrawal",58,934
268,"2020-02-19","withdrawal",811,123
268,"2020-03-02","deposit",150,273
268,"2020-03-08","purchase",52,221
268,"2020-03-11","deposit",583,804
268,"2020-03-14","purchase",84,720
268,"2020-03-22","withdrawal",450,270
268,"2020-04-03","withdrawal",488,-218
269,"2020-01-14","deposit",654,654
269,"2020-01-15","purchase",421,233
269,"2020-01-15","deposit",351,584
269,"2020-01-18","purchase",406,178
269,"2020-01-21","withdrawal",895,-717
269,"2020-01-27","withdrawal",705,-1422
269,"2020-01-28","withdrawal",765,-2187
269,"2020-01-29","withdrawal",478,-2665
269,"2020-02-02","deposit",354,-2311
269,"2020-02-11","purchase",550,-2861
269,"2020-02-15","withdrawal",459,-3320
269,"2020-02-20","purchase",665,-3985
269,"2020-03-04","withdrawal",24,-4009
269,"2020-03-10","deposit",471,-3538
269,"2020-03-15","deposit",766,-2772
269,"2020-03-30","deposit",302,-2470
269,"2020-04-03","purchase",98,-2568
269,"2020-04-07","deposit",640,-1928
269,"2020-04-11","deposit",64,-1864
270,"2020-01-16","deposit",294,294
270,"2020-01-18","deposit",708,1002
270,"2020-01-30","deposit",393,1395
270,"2020-02-02","withdrawal",835,560
270,"2020-02-18","deposit",520,1080
270,"2020-02-24","deposit",315,1395
270,"2020-02-26","deposit",69,1464
270,"2020-02-28","withdrawal",503,961
270,"2020-03-06","deposit",843,1804
270,"2020-03-11","withdrawal",379,1425
270,"2020-03-15","withdrawal",826,599
270,"2020-04-06","purchase",984,-385
270,"2020-04-08","withdrawal",57,-442
271,"2020-01-08","deposit",318,318
271,"2020-01-11","purchase",833,-515
271,"2020-01-17","deposit",469,-46
271,"2020-01-17","purchase",821,-867
271,"2020-01-19","withdrawal",719,-1586
271,"2020-02-02","deposit",965,-621
271,"2020-02-06","purchase",167,-788
271,"2020-02-26","deposit",737,-51
271,"2020-02-28","deposit",55,4
271,"2020-02-29","deposit",268,272
271,"2020-03-05","purchase",468,-196
271,"2020-03-05","withdrawal",584,-780
271,"2020-03-11","purchase",842,-1622
271,"2020-03-11","purchase",245,-1867
271,"2020-03-18","deposit",844,-1023
271,"2020-03-19","deposit",478,-545
271,"2020-03-23","deposit",497,-48
271,"2020-03-29","purchase",568,-616
271,"2020-04-02","deposit",857,241
271,"2020-04-02","withdrawal",61,180
272,"2020-01-11","deposit",706,706
272,"2020-01-27","purchase",934,-228
272,"2020-02-01","deposit",526,298
272,"2020-02-10","withdrawal",563,-265
272,"2020-02-19","purchase",852,-1117
272,"2020-02-22","withdrawal",15,-1132
272,"2020-02-29","purchase",541,-1673
272,"2020-04-01","deposit",708,-965
272,"2020-04-01","withdrawal",804,-1769
273,"2020-01-19","deposit",876,876
273,"2020-02-08","deposit",751,1627
273,"2020-02-13","withdrawal",883,744
273,"2020-02-15","deposit",215,959
273,"2020-02-22","withdrawal",826,133
273,"2020-03-23","deposit",684,817
273,"2020-03-25","purchase",995,-178
273,"2020-04-06","deposit",859,681
273,"2020-04-07","withdrawal",147,534
273,"2020-04-13","purchase",226,308
274,"2020-01-02","deposit",801,801
274,"2020-01-03","purchase",174,627
274,"2020-01-03","withdrawal",437,190
274,"2020-01-04","withdrawal",839,-649
274,"2020-01-04","purchase",359,-1008
274,"2020-01-07","deposit",763,-245
274,"2020-01-08","withdrawal",217,-462
274,"2020-01-18","purchase",318,-780
274,"2020-02-09","purchase",949,-1729
274,"2020-02-13","deposit",192,-1537
274,"2020-02-15","deposit",815,-722
274,"2020-02-17","deposit",554,-168
274,"2020-02-23","withdrawal",493,-661
274,"2020-02-28","deposit",79,-582
274,"2020-03-01","deposit",156,-426
274,"2020-03-09","deposit",895,469
274,"2020-03-12","purchase",345,124
275,"2020-01-28","deposit",211,211
275,"2020-02-10","purchase",390,-179
275,"2020-02-16","withdrawal",918,-1097
275,"2020-02-24","deposit",53,-1044
275,"2020-02-27","withdrawal",281,-1325
275,"2020-03-01","withdrawal",481,-1806
275,"2020-03-02","deposit",127,-1679
275,"2020-03-05","deposit",377,-1302
275,"2020-03-06","deposit",763,-539
275,"2020-03-14","deposit",600,61
275,"2020-03-19","withdrawal",869,-808
275,"2020-03-25","purchase",473,-1281
275,"2020-03-28","purchase",768,-2049
275,"2020-03-30","withdrawal",924,-2973
275,"2020-04-07","withdrawal",643,-3616
275,"2020-04-09","withdrawal",220,-3836
275,"2020-04-11","purchase",676,-4512
275,"2020-04-13","deposit",934,-3578
275,"2020-04-22","withdrawal",445,-4023
275,"2020-04-23","deposit",854,-3169
276,"2020-01-07","deposit",926,926
276,"2020-01-09","withdrawal",360,566
276,"2020-01-10","purchase",52,514
276,"2020-01-13","purchase",922,-408
276,"2020-01-13","purchase",465,-873
276,"2020-01-17","deposit",600,-273
276,"2020-01-28","purchase",578,-851
276,"2020-02-04","deposit",559,-292
276,"2020-02-08","withdrawal",222,-514
276,"2020-02-21","deposit",319,-195
276,"2020-02-25","withdrawal",601,-796
276,"2020-03-01","deposit",189,-607
276,"2020-03-01","purchase",985,-1592
276,"2020-03-08","deposit",624,-968
276,"2020-03-30","purchase",976,-1944
277,"2020-01-27","deposit",615,615
277,"2020-02-16","deposit",796,1411
277,"2020-03-09","purchase",143,1268
277,"2020-03-18","purchase",303,965
277,"2020-03-25","deposit",900,1865
278,"2020-01-26","deposit",682,682
278,"2020-01-27","deposit",627,1309
278,"2020-02-17","deposit",878,2187
278,"2020-02-21","purchase",10,2177
278,"2020-02-25","withdrawal",618,1559
278,"2020-02-26","deposit",442,2001
278,"2020-02-28","withdrawal",278,1723
278,"2020-03-03","withdrawal",152,1571
278,"2020-03-11","deposit",455,2026
278,"2020-04-01","withdrawal",276,1750
278,"2020-04-05","deposit",152,1902
278,"2020-04-11","deposit",396,2298
278,"2020-04-15","purchase",414,1884
278,"2020-04-16","deposit",417,2301
278,"2020-04-17","deposit",727,3028
278,"2020-04-20","deposit",526,3554
279,"2020-01-13","deposit",98,98
279,"2020-01-13","deposit",116,214
279,"2020-01-15","deposit",837,1051
279,"2020-01-23","deposit",844,1895
279,"2020-02-19","deposit",443,2338
279,"2020-02-24","deposit",725,3063
279,"2020-02-24","deposit",578,3641
279,"2020-03-25","purchase",83,3558
279,"2020-03-27","withdrawal",135,3423
279,"2020-03-29","deposit",15,3438
279,"2020-03-30","deposit",745,4183
279,"2020-04-01","withdrawal",80,4103
280,"2020-01-03","deposit",273,273
280,"2020-01-12","withdrawal",834,-561
280,"2020-01-26","deposit",182,-379
280,"2020-01-29","deposit",292,-87
280,"2020-02-07","withdrawal",16,-103
280,"2020-02-14","deposit",767,664
280,"2020-02-15","withdrawal",767,-103
280,"2020-02-24","purchase",82,-185
280,"2020-03-09","deposit",205,20
280,"2020-03-10","withdrawal",607,-587
280,"2020-03-27","deposit",214,-373
281,"2020-01-06","deposit",616,616
281,"2020-01-09","withdrawal",147,469
281,"2020-01-11","deposit",357,826
281,"2020-01-13","purchase",198,628
281,"2020-01-15","deposit",299,927
281,"2020-01-18","purchase",229,698
281,"2020-01-21","withdrawal",838,-140
281,"2020-01-29","deposit",360,220
281,"2020-02-02","deposit",383,603
281,"2020-02-08","withdrawal",304,299
281,"2020-02-11","deposit",875,1174
281,"2020-02-13","deposit",713,1887
281,"2020-02-27","purchase",832,1055
281,"2020-03-04","withdrawal",102,953
281,"2020-03-05","deposit",922,1875
281,"2020-03-06","deposit",701,2576
281,"2020-03-07","deposit",740,3316
281,"2020-03-08","purchase",210,3106
281,"2020-03-20","withdrawal",929,2177
281,"2020-03-24","withdrawal",865,1312
281,"2020-03-25","deposit",880,2192
281,"2020-04-04","deposit",812,3004
282,"2020-01-24","deposit",74,74
282,"2020-02-18","purchase",787,-713
282,"2020-03-25","deposit",548,-165
282,"2020-03-25","purchase",497,-662
282,"2020-03-29","purchase",999,-1661
282,"2020-04-02","deposit",370,-1291
282,"2020-04-09","deposit",387,-904
282,"2020-04-11","deposit",203,-701
282,"2020-04-17","purchase",734,-1435
282,"2020-04-20","deposit",124,-1311
283,"2020-01-05","deposit",947,947
283,"2020-01-05","withdrawal",977,-30
283,"2020-01-06","withdrawal",697,-727
283,"2020-01-11","deposit",49,-678
283,"2020-01-11","withdrawal",151,-829
283,"2020-01-16","purchase",619,-1448
283,"2020-01-21","deposit",50,-1398
283,"2020-01-24","deposit",643,-755
283,"2020-01-31","withdrawal",446,-1201
283,"2020-02-05","deposit",58,-1143
283,"2020-02-24","purchase",846,-1989
283,"2020-02-24","withdrawal",829,-2818
283,"2020-03-05","purchase",606,-3424
283,"2020-03-07","withdrawal",662,-4086
283,"2020-03-09","purchase",121,-4207
283,"2020-03-27","purchase",231,-4438
283,"2020-03-29","purchase",629,-5067
283,"2020-03-31","purchase",654,-5721
283,"2020-04-01","purchase",601,-6322
283,"2020-04-02","purchase",823,-7145
284,"2020-01-30","deposit",257,257
284,"2020-02-02","withdrawal",324,-67
284,"2020-02-02","deposit",862,795
284,"2020-02-05","purchase",687,108
284,"2020-02-11","withdrawal",574,-466
284,"2020-02-11","purchase",836,-1302
284,"2020-02-11","purchase",210,-1512
284,"2020-02-14","purchase",586,-2098
284,"2020-02-18","withdrawal",500,-2598
284,"2020-02-22","deposit",290,-2308
284,"2020-02-24","purchase",294,-2602
284,"2020-03-04","purchase",852,-3454
284,"2020-03-05","deposit",306,-3148
284,"2020-03-06","purchase",407,-3555
284,"2020-03-06","purchase",16,-3571
284,"2020-03-07","withdrawal",646,-4217
284,"2020-03-10","deposit",679,-3538
284,"2020-03-27","deposit",712,-2826
284,"2020-04-01","purchase",903,-3729
284,"2020-04-07","withdrawal",741,-4470
284,"2020-04-10","deposit",356,-4114
284,"2020-04-23","deposit",735,-3379
285,"2020-01-22","deposit",360,360
285,"2020-02-11","deposit",998,1358
285,"2020-03-08","deposit",607,1965
286,"2020-01-02","deposit",177,177
286,"2020-02-07","purchase",6,171
287,"2020-01-22","deposit",658,658
287,"2020-02-01","deposit",966,1624
287,"2020-02-05","purchase",227,1397
287,"2020-02-26","purchase",568,829
287,"2020-03-06","deposit",38,867
287,"2020-03-13","deposit",971,1838
287,"2020-03-14","deposit",518,2356
287,"2020-03-16","withdrawal",932,1424
287,"2020-03-28","purchase",538,886
287,"2020-04-09","purchase",816,70
287,"2020-04-11","withdrawal",476,-406
288,"2020-01-13","deposit",758,758
288,"2020-01-13","deposit",586,1344
288,"2020-01-19","purchase",571,773
288,"2020-01-20","deposit",5,778
288,"2020-02-02","purchase",346,432
288,"2020-02-14","deposit",87,519
288,"2020-02-22","purchase",677,-158
288,"2020-02-29","purchase",709,-867
288,"2020-03-26","deposit",352,-515
289,"2020-01-28","deposit",838,838
289,"2020-02-02","deposit",688,1526
289,"2020-02-11","withdrawal",382,1144
289,"2020-02-14","purchase",939,205
289,"2020-02-24","purchase",412,-207
289,"2020-03-03","purchase",64,-271
289,"2020-03-07","deposit",860,589
289,"2020-03-20","purchase",868,-279
289,"2020-03-26","deposit",255,-24
289,"2020-03-31","withdrawal",910,-934
289,"2020-04-15","withdrawal",453,-1387
289,"2020-04-16","deposit",436,-951
289,"2020-04-24","withdrawal",511,-1462
289,"2020-04-26","deposit",403,-1059
290,"2020-01-15","deposit",788,788
290,"2020-01-20","purchase",737,51
290,"2020-01-21","deposit",734,785
290,"2020-02-01","deposit",858,1643
290,"2020-02-09","withdrawal",531,1112
290,"2020-02-12","purchase",174,938
290,"2020-02-15","deposit",698,1636
290,"2020-02-20","withdrawal",195,1441
290,"2020-02-26","withdrawal",302,1139
290,"2020-03-20","deposit",922,2061
290,"2020-04-05","purchase",871,1190
290,"2020-04-05","purchase",583,607
290,"2020-04-09","purchase",586,21
291,"2020-01-20","deposit",930,930
291,"2020-04-01","deposit",8,938
291,"2020-04-10","purchase",697,241
291,"2020-04-14","deposit",290,531
292,"2020-01-10","deposit",136,136
292,"2020-01-13","withdrawal",289,-153
292,"2020-01-15","withdrawal",909,-1062
292,"2020-01-19","purchase",44,-1106
292,"2020-01-19","withdrawal",973,-2079
292,"2020-01-26","purchase",760,-2839
292,"2020-01-28","withdrawal",218,-3057
292,"2020-01-30","purchase",401,-3458
292,"2020-02-13","withdrawal",999,-4457
292,"2020-02-23","purchase",46,-4503
292,"2020-02-27","withdrawal",143,-4646
292,"2020-03-02","withdrawal",270,-4916
292,"2020-03-07","deposit",343,-4573
292,"2020-03-14","deposit",503,-4070
292,"2020-03-23","withdrawal",690,-4760
293,"2020-01-15","deposit",541,541
293,"2020-01-29","withdrawal",27,514
293,"2020-01-30","purchase",993,-479
293,"2020-01-31","deposit",96,-383
293,"2020-02-04","deposit",48,-335
293,"2020-02-04","withdrawal",966,-1301
293,"2020-02-13","withdrawal",464,-1765
293,"2020-02-16","withdrawal",804,-2569
293,"2020-02-24","deposit",756,-1813
293,"2020-02-29","deposit",361,-1452
293,"2020-03-03","deposit",270,-1182
293,"2020-03-28","withdrawal",588,-1770
293,"2020-04-09","purchase",730,-2500
294,"2020-01-12","deposit",307,307
294,"2020-02-11","withdrawal",79,228
294,"2020-02-14","withdrawal",411,-183
294,"2020-02-17","deposit",854,671
294,"2020-02-18","deposit",886,1557
294,"2020-03-22","withdrawal",850,707
295,"2020-01-26","deposit",636,636
295,"2020-02-03","deposit",708,1344
295,"2020-02-15","purchase",848,496
295,"2020-03-06","deposit",987,1483
295,"2020-03-21","purchase",53,1430
295,"2020-04-03","purchase",475,955
295,"2020-04-15","purchase",474,481
295,"2020-04-18","purchase",658,-177
296,"2020-01-13","deposit",846,846
296,"2020-01-27","withdrawal",655,191
296,"2020-02-01","deposit",983,1174
296,"2020-02-11","purchase",110,1064
296,"2020-02-17","withdrawal",774,290
296,"2020-02-22","deposit",733,1023
296,"2020-02-23","withdrawal",212,811
296,"2020-02-29","deposit",341,1152
296,"2020-03-11","deposit",317,1469
296,"2020-03-16","withdrawal",160,1309
296,"2020-04-05","deposit",911,2220
297,"2020-01-25","deposit",469,469
297,"2020-01-26","deposit",973,1442
297,"2020-01-29","purchase",53,1389
297,"2020-01-30","deposit",47,1436
297,"2020-01-30","withdrawal",886,550
297,"2020-02-02","deposit",809,1359
297,"2020-02-17","withdrawal",151,1208
297,"2020-02-18","withdrawal",382,826
297,"2020-02-20","purchase",741,85
297,"2020-02-21","deposit",613,698
297,"2020-02-28","withdrawal",113,585
297,"2020-03-07","deposit",822,1407
297,"2020-03-14","purchase",149,1258
297,"2020-03-20","purchase",391,867
297,"2020-03-22","purchase",377,490
297,"2020-03-30","deposit",514,1004
297,"2020-04-17","deposit",278,1282
298,"2020-01-16","deposit",36,36
298,"2020-01-21","withdrawal",572,-536
298,"2020-01-23","purchase",74,-610
298,"2020-01-23","deposit",335,-275
298,"2020-01-25","deposit",938,663
298,"2020-01-26","purchase",385,278
298,"2020-02-03","deposit",286,564
298,"2020-02-03","purchase",897,-333
298,"2020-02-09","deposit",39,-294
298,"2020-02-14","deposit",465,171
298,"2020-02-23","withdrawal",910,-739
298,"2020-02-23","deposit",407,-332
298,"2020-02-25","withdrawal",669,-1001
298,"2020-02-26","deposit",421,-580
298,"2020-03-01","deposit",425,-155
298,"2020-03-04","deposit",822,667
298,"2020-03-08","purchase",10,657
298,"2020-03-10","deposit",110,767
298,"2020-04-10","deposit",722,1489
299,"2020-01-13","deposit",881,881
299,"2020-01-17","deposit",209,1090
299,"2020-01-21","withdrawal",639,451
299,"2020-01-22","deposit",319,770
299,"2020-01-26","deposit",191,961
299,"2020-02-06","deposit",654,1615
299,"2020-02-13","deposit",65,1680
299,"2020-02-15","deposit",447,2127
299,"2020-02-18","purchase",881,1246
299,"2020-03-02","withdrawal",523,723
299,"2020-03-14","purchase",891,-168
299,"2020-03-16","purchase",309,-477
299,"2020-03-18","deposit",678,201
299,"2020-03-18","purchase",709,-508
299,"2020-03-21","deposit",578,70
300,"2020-01-21","deposit",672,672
300,"2020-02-04","withdrawal",372,300
300,"2020-02-09","deposit",20,320
300,"2020-02-12","withdrawal",651,-331
300,"2020-02-13","purchase",78,-409
300,"2020-02-17","withdrawal",540,-949
300,"2020-03-01","deposit",186,-763
300,"2020-03-02","purchase",916,-1679
300,"2020-03-10","purchase",24,-1703
300,"2020-03-11","withdrawal",139,-1842
300,"2020-03-13","deposit",87,-1755
300,"2020-03-22","purchase",299,-2054
300,"2020-03-25","deposit",389,-1665
300,"2020-03-27","withdrawal",811,-2476
300,"2020-03-27","withdrawal",800,-3276
300,"2020-03-30","deposit",215,-3061
300,"2020-03-31","deposit",687,-2374
300,"2020-04-15","withdrawal",75,-2449
300,"2020-04-17","purchase",730,-3179
301,"2020-01-20","deposit",32,32
301,"2020-01-21","deposit",613,645
301,"2020-01-24","withdrawal",726,-81
301,"2020-01-29","purchase",825,-906
301,"2020-02-06","purchase",990,-1896
301,"2020-02-11","withdrawal",745,-2641
301,"2020-02-13","deposit",723,-1918
301,"2020-02-18","deposit",634,-1284
301,"2020-02-28","purchase",241,-1525
301,"2020-02-28","purchase",452,-1977
301,"2020-03-01","purchase",470,-2447
301,"2020-03-13","deposit",152,-2295
301,"2020-03-15","deposit",67,-2228
301,"2020-03-16","purchase",26,-2254
301,"2020-03-17","deposit",868,-1386
301,"2020-03-18","withdrawal",561,-1947
301,"2020-03-18","purchase",153,-2100
301,"2020-03-21","purchase",950,-3050
301,"2020-03-23","deposit",14,-3036
301,"2020-03-27","purchase",181,-3217
301,"2020-03-28","purchase",419,-3636
301,"2020-04-18","deposit",107,-3529
302,"2020-01-27","withdrawal",862,-862
302,"2020-01-27","deposit",143,-719
302,"2020-01-27","purchase",381,-1100
302,"2020-01-29","purchase",399,-1499
302,"2020-02-03","withdrawal",838,-2337
302,"2020-02-14","purchase",268,-2605
302,"2020-02-25","deposit",528,-2077
302,"2020-03-01","withdrawal",860,-2937
302,"2020-03-07","deposit",652,-2285
302,"2020-03-09","purchase",465,-2750
302,"2020-03-30","deposit",340,-2410
302,"2020-04-20","deposit",615,-1795
303,"2020-01-18","deposit",433,433
303,"2020-01-31","withdrawal",101,332
303,"2020-02-01","deposit",515,847
303,"2020-02-04","deposit",474,1321
303,"2020-02-19","purchase",367,954
303,"2020-02-27","purchase",489,465
303,"2020-03-03","deposit",473,938
303,"2020-03-07","purchase",878,60
303,"2020-03-14","deposit",557,617
303,"2020-03-16","withdrawal",565,52
303,"2020-03-18","purchase",260,-208
303,"2020-03-19","purchase",421,-629
303,"2020-04-02","purchase",904,-1533
303,"2020-04-08","deposit",89,-1444
303,"2020-04-10","deposit",784,-660
304,"2020-01-16","deposit",848,848
304,"2020-01-16","purchase",696,152
304,"2020-02-12","withdrawal",94,58
304,"2020-02-15","deposit",232,290
304,"2020-02-18","withdrawal",594,-304
304,"2020-02-23","withdrawal",860,-1164
304,"2020-02-26","purchase",196,-1360
304,"2020-03-02","withdrawal",11,-1371
304,"2020-03-05","purchase",738,-2109
304,"2020-03-08","purchase",8,-2117
304,"2020-03-13","withdrawal",13,-2130
304,"2020-03-16","withdrawal",879,-3009
304,"2020-03-23","deposit",950,-2059
304,"2020-03-24","withdrawal",361,-2420
304,"2020-04-06","withdrawal",381,-2801
304,"2020-04-07","deposit",533,-2268
304,"2020-04-13","deposit",221,-2047
305,"2020-01-09","deposit",36,36
305,"2020-01-11","withdrawal",2,34
305,"2020-01-16","deposit",366,400
305,"2020-01-17","withdrawal",380,20
305,"2020-02-04","deposit",517,537
305,"2020-02-16","purchase",348,189
305,"2020-03-07","deposit",773,962
305,"2020-03-07","withdrawal",405,557
305,"2020-03-22","withdrawal",613,-56
306,"2020-01-27","deposit",402,402
306,"2020-03-08","deposit",630,1032
306,"2020-03-15","purchase",874,158
306,"2020-03-18","withdrawal",968,-810
306,"2020-03-28","deposit",810,0
306,"2020-04-05","withdrawal",847,-847
306,"2020-04-07","withdrawal",432,-1279
306,"2020-04-07","deposit",783,-496
306,"2020-04-12","deposit",805,309
306,"2020-04-12","deposit",403,712
306,"2020-04-15","deposit",217,929
306,"2020-04-16","deposit",582,1511
306,"2020-04-18","purchase",362,1149
306,"2020-04-18","deposit",268,1417
306,"2020-04-19","deposit",370,1787
306,"2020-04-19","withdrawal",926,861
306,"2020-04-25","deposit",704,1565
307,"2020-01-14","deposit",363,363
307,"2020-01-19","purchase",99,264
307,"2020-01-24","purchase",652,-388
307,"2020-01-26","purchase",308,-696
307,"2020-02-18","deposit",970,274
307,"2020-02-19","deposit",817,1091
307,"2020-02-20","withdrawal",341,750
307,"2020-03-17","deposit",212,962
307,"2020-03-23","withdrawal",867,95
307,"2020-03-27","deposit",430,525
307,"2020-04-09","withdrawal",463,62
308,"2020-01-14","deposit",782,782
308,"2020-01-21","purchase",962,-180
308,"2020-01-27","withdrawal",381,-561
308,"2020-02-29","deposit",877,316
308,"2020-03-04","purchase",249,67
308,"2020-03-24","deposit",389,456
308,"2020-03-25","deposit",183,639
308,"2020-03-26","purchase",656,-17
308,"2020-03-27","deposit",727,710
308,"2020-04-01","deposit",619,1329
308,"2020-04-01","purchase",358,971
309,"2020-01-13","purchase",532,-532
309,"2020-01-13","deposit",995,463
309,"2020-01-25","purchase",518,-55
309,"2020-01-27","withdrawal",308,-363
309,"2020-02-02","purchase",898,-1261
309,"2020-02-08","purchase",341,-1602
309,"2020-02-09","deposit",822,-780
309,"2020-02-15","purchase",69,-849
309,"2020-02-17","purchase",812,-1661
309,"2020-02-19","deposit",96,-1565
309,"2020-02-22","withdrawal",839,-2404
309,"2020-03-18","deposit",577,-1827
309,"2020-03-20","deposit",663,-1164
309,"2020-03-25","purchase",649,-1813
309,"2020-04-04","purchase",151,-1964
309,"2020-04-05","withdrawal",37,-2001
309,"2020-04-09","deposit",301,-1700
309,"2020-04-09","deposit",740,-960
310,"2020-01-20","deposit",331,331
310,"2020-01-31","deposit",529,860
310,"2020-02-01","withdrawal",432,428
310,"2020-02-15","withdrawal",272,156
310,"2020-03-02","deposit",850,1006
310,"2020-03-20","deposit",560,1566
310,"2020-03-25","deposit",770,2336
310,"2020-03-29","deposit",730,3066
311,"2020-01-17","deposit",918,918
311,"2020-01-25","purchase",994,-76
311,"2020-01-28","deposit",386,310
311,"2020-02-09","withdrawal",607,-297
311,"2020-02-11","deposit",476,179
311,"2020-02-21","deposit",827,1006
311,"2020-03-08","withdrawal",832,174
311,"2020-03-12","withdrawal",853,-679
311,"2020-03-15","purchase",276,-955
311,"2020-04-02","deposit",207,-748
311,"2020-04-15","purchase",307,-1055
312,"2020-01-20","deposit",485,485
312,"2020-02-05","purchase",942,-457
312,"2020-02-25","deposit",470,13
312,"2020-02-26","deposit",643,656
312,"2020-03-13","purchase",794,-138
312,"2020-03-15","withdrawal",994,-1132
312,"2020-03-28","deposit",67,-1065
312,"2020-04-01","withdrawal",602,-1667
312,"2020-04-15","withdrawal",651,-2318
313,"2020-01-29","deposit",710,710
313,"2020-01-30","deposit",191,901
313,"2020-02-02","purchase",85,816
313,"2020-02-05","purchase",69,747
313,"2020-02-08","purchase",53,694
313,"2020-02-11","deposit",388,1082
313,"2020-02-19","withdrawal",110,972
313,"2020-03-02","withdrawal",440,532
313,"2020-03-08","purchase",344,188
313,"2020-03-09","purchase",860,-672
313,"2020-03-30","purchase",639,-1311
313,"2020-04-01","deposit",634,-677
313,"2020-04-13","deposit",840,163
313,"2020-04-27","purchase",197,-34
314,"2020-01-26","deposit",448,448
314,"2020-02-14","purchase",339,109
314,"2020-02-15","purchase",714,-605
314,"2020-02-27","purchase",28,-633
314,"2020-03-05","deposit",232,-401
314,"2020-03-20","deposit",492,91
314,"2020-04-05","withdrawal",60,31
314,"2020-04-06","deposit",463,494
314,"2020-04-06","purchase",743,-249
315,"2020-01-22","deposit",911,911
315,"2020-01-22","deposit",384,1295
315,"2020-02-08","deposit",54,1349
315,"2020-03-26","deposit",938,2287
316,"2020-01-23","deposit",184,184
316,"2020-02-06","purchase",663,-479
316,"2020-02-17","purchase",851,-1330
316,"2020-02-25","purchase",305,-1635
316,"2020-02-27","purchase",848,-2483
316,"2020-03-09","deposit",264,-2219
316,"2020-03-12","purchase",208,-2427
316,"2020-03-31","purchase",872,-3299
317,"2020-01-11","deposit",869,869
317,"2020-02-26","deposit",363,1232
317,"2020-04-09","withdrawal",237,995
318,"2020-01-06","deposit",720,720
318,"2020-01-27","withdrawal",399,321
318,"2020-02-21","withdrawal",663,-342
318,"2020-03-12","withdrawal",993,-1335
318,"2020-03-16","purchase",313,-1648
319,"2020-01-06","deposit",83,83
319,"2020-02-20","withdrawal",786,-703
319,"2020-03-03","purchase",381,-1084
319,"2020-03-06","deposit",821,-263
319,"2020-03-22","purchase",169,-432
319,"2020-03-27","purchase",56,-488
320,"2020-01-10","deposit",725,725
320,"2020-01-11","deposit",2,727
320,"2020-01-19","deposit",917,1644
320,"2020-01-24","deposit",782,2426
320,"2020-02-07","deposit",898,3324
320,"2020-02-10","deposit",224,3548
320,"2020-02-23","purchase",440,3108
320,"2020-02-23","purchase",216,2892
320,"2020-02-24","purchase",575,2317
320,"2020-02-25","withdrawal",408,1909
320,"2020-03-08","deposit",538,2447
320,"2020-03-27","purchase",208,2239
320,"2020-04-03","deposit",267,2506
320,"2020-04-07","deposit",345,2851
321,"2020-01-24","deposit",243,243
321,"2020-02-17","purchase",403,-160
321,"2020-02-21","deposit",193,33
321,"2020-02-28","withdrawal",246,-213
321,"2020-04-04","deposit",785,572
322,"2020-01-05","deposit",965,965
322,"2020-01-29","deposit",984,1949
322,"2020-02-01","deposit",328,2277
322,"2020-02-02","deposit",337,2614
322,"2020-02-15","deposit",838,3452
322,"2020-02-20","withdrawal",51,3401
322,"2020-02-20","withdrawal",285,3116
322,"2020-02-26","withdrawal",645,2471
322,"2020-03-09","deposit",371,2842
322,"2020-03-12","purchase",492,2350
322,"2020-03-18","withdrawal",539,1811
323,"2020-01-21","deposit",603,603
323,"2020-01-23","deposit",720,1323
323,"2020-02-13","withdrawal",311,1012
323,"2020-02-20","withdrawal",928,84
323,"2020-02-21","withdrawal",931,-847
323,"2020-02-24","withdrawal",729,-1576
323,"2020-02-25","withdrawal",304,-1880
323,"2020-03-10","purchase",959,-2839
323,"2020-03-13","purchase",166,-3005
323,"2020-03-16","withdrawal",301,-3306
323,"2020-03-18","withdrawal",980,-4286
323,"2020-03-21","deposit",90,-4196
323,"2020-04-01","purchase",825,-5021
323,"2020-04-09","deposit",102,-4919
323,"2020-04-11","purchase",558,-5477
323,"2020-04-16","deposit",256,-5221
324,"2020-01-04","deposit",538,538
324,"2020-01-04","deposit",483,1021
324,"2020-01-28","purchase",818,203
324,"2020-02-09","deposit",764,967
324,"2020-03-22","deposit",185,1152
324,"2020-03-29","deposit",987,2139
324,"2020-03-29","withdrawal",669,1470
325,"2020-01-27","deposit",60,60
325,"2020-02-06","withdrawal",274,-214
325,"2020-02-16","withdrawal",725,-939
325,"2020-02-21","withdrawal",939,-1878
325,"2020-03-01","deposit",959,-919
325,"2020-03-10","purchase",114,-1033
325,"2020-03-11","purchase",499,-1532
325,"2020-03-23","deposit",384,-1148
325,"2020-03-28","purchase",714,-1862
326,"2020-01-12","deposit",478,478
326,"2020-01-18","purchase",689,-211
326,"2020-02-09","deposit",628,417
327,"2020-01-14","deposit",299,299
327,"2020-01-22","deposit",620,919
327,"2020-03-14","purchase",680,239
327,"2020-03-22","purchase",562,-323
327,"2020-03-27","deposit",624,301
327,"2020-03-27","purchase",465,-164
328,"2020-01-22","deposit",393,393
328,"2020-01-22","withdrawal",697,-304
328,"2020-01-28","purchase",409,-713
328,"2020-01-30","purchase",519,-1232
328,"2020-02-03","purchase",639,-1871
328,"2020-02-10","withdrawal",443,-2314
328,"2020-02-20","purchase",931,-3245
328,"2020-02-22","withdrawal",181,-3426
328,"2020-03-01","deposit",721,-2705
328,"2020-03-04","purchase",585,-3290
328,"2020-03-04","withdrawal",688,-3978
328,"2020-03-05","deposit",106,-3872
328,"2020-03-10","purchase",499,-4371
328,"2020-03-14","withdrawal",819,-5190
328,"2020-03-18","deposit",418,-4772
328,"2020-03-19","deposit",493,-4279
328,"2020-03-31","purchase",424,-4703
328,"2020-04-03","deposit",726,-3977
328,"2020-04-10","purchase",582,-4559
329,"2020-01-07","deposit",723,723
329,"2020-01-22","deposit",108,831
329,"2020-02-04","deposit",571,1402
329,"2020-02-14","withdrawal",662,740
329,"2020-02-15","withdrawal",144,596
329,"2020-02-22","purchase",594,2
329,"2020-03-12","withdrawal",253,-251
329,"2020-03-22","withdrawal",375,-626
329,"2020-04-01","deposit",932,306
329,"2020-04-03","deposit",103,409
329,"2020-04-03","deposit",598,1007
329,"2020-04-04","purchase",271,736
330,"2020-01-26","deposit",540,540
330,"2020-01-28","deposit",286,826
330,"2020-02-09","deposit",771,1597
330,"2020-02-18","withdrawal",856,741
330,"2020-02-19","deposit",498,1239
330,"2020-02-28","purchase",140,1099
330,"2020-03-01","purchase",640,459
330,"2020-03-05","deposit",871,1330
330,"2020-03-08","deposit",356,1686
330,"2020-03-11","purchase",43,1643
330,"2020-03-13","deposit",40,1683
330,"2020-03-24","purchase",784,899
330,"2020-03-25","purchase",943,-44
330,"2020-03-31","withdrawal",622,-666
330,"2020-04-04","purchase",808,-1474
331,"2020-01-17","deposit",951,951
331,"2020-01-19","withdrawal",385,566
331,"2020-01-24","deposit",443,1009
331,"2020-01-27","purchase",427,582
331,"2020-01-29","withdrawal",636,-54
331,"2020-02-06","deposit",321,267
331,"2020-02-11","withdrawal",561,-294
331,"2020-02-12","purchase",232,-526
331,"2020-02-15","withdrawal",15,-541
331,"2020-02-18","withdrawal",588,-1129
331,"2020-02-19","deposit",956,-173
331,"2020-03-02","withdrawal",17,-190
331,"2020-03-07","deposit",488,298
331,"2020-03-09","purchase",895,-597
331,"2020-03-24","purchase",330,-927
331,"2020-03-29","withdrawal",22,-949
332,"2020-01-27","deposit",594,594
332,"2020-01-29","withdrawal",392,202
332,"2020-02-10","purchase",165,37
332,"2020-02-15","purchase",467,-430
332,"2020-02-19","purchase",172,-602
332,"2020-02-19","deposit",745,143
332,"2020-02-21","purchase",715,-572
332,"2020-02-21","purchase",316,-888
332,"2020-02-23","deposit",726,-162
332,"2020-02-25","deposit",721,559
332,"2020-03-12","deposit",909,1468
332,"2020-03-15","withdrawal",132,1336
332,"2020-03-24","withdrawal",842,494
332,"2020-04-05","purchase",221,273
332,"2020-04-09","withdrawal",360,-87
332,"2020-04-19","deposit",841,754
332,"2020-04-19","purchase",38,716
332,"2020-04-20","deposit",14,730
332,"2020-04-22","withdrawal",60,670
333,"2020-01-08","purchase",481,-481
333,"2020-01-08","deposit",537,56
333,"2020-01-13","purchase",140,-84
333,"2020-01-16","deposit",830,746
333,"2020-01-28","purchase",975,-229
333,"2020-02-16","deposit",501,272
333,"2020-02-17","deposit",295,567
333,"2020-02-21","withdrawal",499,68
333,"2020-02-25","purchase",195,-127
333,"2020-03-12","deposit",968,841
333,"2020-03-24","deposit",587,1428
333,"2020-03-24","deposit",25,1453
333,"2020-03-25","purchase",886,567
333,"2020-04-04","deposit",353,920
334,"2020-01-15","deposit",933,933
334,"2020-01-25","deposit",244,1177
334,"2020-02-07","deposit",706,1883
334,"2020-02-12","deposit",280,2163
334,"2020-02-23","deposit",561,2724
334,"2020-03-03","deposit",248,2972
334,"2020-03-19","withdrawal",547,2425
334,"2020-04-10","withdrawal",811,1614
335,"2020-01-14","deposit",663,663
335,"2020-01-27","purchase",93,570
335,"2020-02-07","deposit",217,787
335,"2020-02-07","purchase",78,709
335,"2020-02-12","purchase",816,-107
335,"2020-02-27","withdrawal",247,-354
335,"2020-03-03","withdrawal",641,-995
335,"2020-03-10","deposit",586,-409
335,"2020-03-24","deposit",227,-182
335,"2020-03-30","deposit",605,423
336,"2020-01-16","deposit",543,543
336,"2020-02-08","purchase",457,86
336,"2020-02-15","withdrawal",681,-595
336,"2020-03-02","deposit",730,135
336,"2020-04-06","deposit",464,599
337,"2020-01-12","deposit",581,581
337,"2020-01-31","withdrawal",845,-264
337,"2020-02-10","deposit",658,394
337,"2020-02-21","withdrawal",224,170
337,"2020-03-09","deposit",549,719
337,"2020-03-21","withdrawal",159,560
337,"2020-03-25","deposit",890,1450
337,"2020-04-04","deposit",154,1604
337,"2020-04-06","deposit",7,1611
337,"2020-04-06","purchase",297,1314
338,"2020-01-17","deposit",628,628
338,"2020-01-17","deposit",252,880
338,"2020-01-26","purchase",618,262
338,"2020-02-04","purchase",681,-419
338,"2020-02-08","deposit",859,440
338,"2020-02-19","deposit",529,969
338,"2020-02-25","withdrawal",436,533
338,"2020-03-09","deposit",859,1392
338,"2020-03-12","deposit",793,2185
338,"2020-03-13","withdrawal",116,2069
338,"2020-03-25","deposit",698,2767
338,"2020-04-03","purchase",808,1959
338,"2020-04-03","purchase",695,1264
339,"2020-01-10","deposit",167,167
339,"2020-01-14","purchase",173,-6
339,"2020-01-17","purchase",7,-13
339,"2020-01-24","deposit",136,123
339,"2020-01-31","purchase",903,-780
339,"2020-02-02","deposit",994,214
339,"2020-02-06","withdrawal",717,-503
339,"2020-02-15","deposit",811,308
339,"2020-02-16","deposit",251,559
339,"2020-02-24","purchase",231,328
339,"2020-02-24","deposit",222,550
339,"2020-02-24","deposit",538,1088
339,"2020-03-06","purchase",68,1020
339,"2020-03-07","deposit",548,1568
339,"2020-03-09","purchase",85,1483
339,"2020-03-15","withdrawal",45,1438
339,"2020-03-23","withdrawal",813,625
340,"2020-01-06","deposit",56,56
340,"2020-01-18","withdrawal",699,-643
340,"2020-01-18","purchase",443,-1086
340,"2020-02-04","purchase",17,-1103
340,"2020-02-06","deposit",644,-459
340,"2020-02-13","deposit",880,421
340,"2020-02-14","purchase",529,-108
340,"2020-02-18","purchase",546,-654
340,"2020-02-19","deposit",930,276
340,"2020-03-02","deposit",154,430
340,"2020-03-13","withdrawal",874,-444
340,"2020-03-15","deposit",665,221
340,"2020-03-17","deposit",203,424
340,"2020-03-18","withdrawal",756,-332
340,"2020-03-18","deposit",356,24
340,"2020-03-21","deposit",619,643
340,"2020-03-24","deposit",547,1190
340,"2020-03-30","purchase",631,559
340,"2020-04-01","deposit",831,1390
341,"2020-01-26","deposit",345,345
341,"2020-02-12","deposit",77,422
341,"2020-02-26","withdrawal",576,-154
341,"2020-02-27","purchase",719,-873
341,"2020-03-10","withdrawal",310,-1183
341,"2020-03-19","withdrawal",958,-2141
341,"2020-03-30","deposit",8,-2133
341,"2020-04-18","withdrawal",168,-2301
341,"2020-04-24","deposit",207,-2094
342,"2020-01-25","deposit",347,347
342,"2020-02-12","deposit",910,1257
342,"2020-02-17","purchase",715,542
342,"2020-02-24","purchase",887,-345
342,"2020-02-27","deposit",60,-285
342,"2020-03-08","withdrawal",947,-1232
342,"2020-03-25","deposit",990,-242
342,"2020-03-26","deposit",745,503
342,"2020-04-07","purchase",688,-185
342,"2020-04-20","deposit",624,439
342,"2020-04-22","withdrawal",574,-135
343,"2020-01-01","deposit",859,859
343,"2020-01-09","withdrawal",426,433
343,"2020-01-14","withdrawal",30,403
343,"2020-01-20","deposit",936,1339
343,"2020-02-01","deposit",214,1553
343,"2020-02-01","deposit",411,1964
343,"2020-02-05","deposit",150,2114
343,"2020-02-13","withdrawal",286,1828
343,"2020-02-24","purchase",303,1525
343,"2020-02-26","deposit",128,1653
343,"2020-03-01","deposit",267,1920
343,"2020-03-09","withdrawal",832,1088
343,"2020-03-23","deposit",753,1841
344,"2020-01-07","deposit",816,816
344,"2020-01-11","withdrawal",148,668
344,"2020-01-15","deposit",368,1036
344,"2020-01-16","withdrawal",282,754
344,"2020-01-20","withdrawal",855,-101
344,"2020-01-26","withdrawal",831,-932
344,"2020-02-05","withdrawal",459,-1391
344,"2020-02-07","deposit",937,-454
344,"2020-02-09","deposit",553,99
344,"2020-02-13","purchase",596,-497
344,"2020-02-19","purchase",591,-1088
344,"2020-02-21","deposit",945,-143
344,"2020-02-23","deposit",558,415
344,"2020-02-29","deposit",90,505
344,"2020-03-03","withdrawal",981,-476
344,"2020-03-07","purchase",3,-479
344,"2020-03-12","deposit",416,-63
344,"2020-03-13","deposit",629,566
344,"2020-03-19","deposit",704,1270
344,"2020-03-27","deposit",308,1578
344,"2020-03-27","withdrawal",103,1475
345,"2020-01-01","purchase",964,-964
345,"2020-01-01","deposit",555,-409
345,"2020-01-08","purchase",289,-698
345,"2020-01-25","deposit",598,-100
345,"2020-02-04","purchase",550,-650
345,"2020-03-05","purchase",936,-1586
345,"2020-03-28","purchase",702,-2288
346,"2020-01-21","deposit",916,916
346,"2020-02-12","withdrawal",805,111
346,"2020-02-14","withdrawal",563,-452
346,"2020-02-23","withdrawal",600,-1052
346,"2020-04-01","withdrawal",790,-1842
346,"2020-04-02","withdrawal",124,-1966
346,"2020-04-02","deposit",538,-1428
346,"2020-04-03","deposit",605,-823
346,"2020-04-03","purchase",993,-1816
346,"2020-04-04","deposit",91,-1725
346,"2020-04-04","withdrawal",440,-2165
346,"2020-04-09","withdrawal",505,-2670
346,"2020-04-15","withdrawal",850,-3520
346,"2020-04-18","purchase",282,-3802
347,"2020-01-04","deposit",626,626
347,"2020-01-13","purchase",232,394
347,"2020-02-23","withdrawal",942,-548
347,"2020-02-29","withdrawal",227,-775
347,"2020-03-06","withdrawal",194,-969
347,"2020-03-16","deposit",68,-901
347,"2020-03-20","purchase",737,-1638
347,"2020-03-24","purchase",705,-2343
347,"2020-03-24","deposit",970,-1373
347,"2020-03-31","purchase",395,-1768
348,"2020-01-22","deposit",26,26
348,"2020-01-30","purchase",797,-771
348,"2020-02-06","deposit",885,114
348,"2020-03-12","deposit",454,568
348,"2020-03-13","withdrawal",468,100
348,"2020-03-16","purchase",255,-155
348,"2020-04-14","deposit",329,174
348,"2020-04-15","deposit",719,893
348,"2020-04-16","purchase",845,48
349,"2020-01-17","deposit",573,573
349,"2020-01-18","purchase",981,-408
349,"2020-01-31","withdrawal",436,-844
349,"2020-02-01","deposit",498,-346
349,"2020-02-08","deposit",362,16
349,"2020-02-15","purchase",171,-155
349,"2020-02-26","withdrawal",885,-1040
349,"2020-03-02","deposit",49,-991
349,"2020-03-03","deposit",747,-244
349,"2020-03-10","withdrawal",818,-1062
349,"2020-03-20","deposit",934,-128
349,"2020-03-27","withdrawal",109,-237
349,"2020-03-27","deposit",881,644
349,"2020-03-28","deposit",665,1309
349,"2020-04-03","deposit",110,1419
349,"2020-04-14","deposit",545,1964
350,"2020-01-13","deposit",167,167
350,"2020-01-18","deposit",726,893
350,"2020-01-23","deposit",924,1817
350,"2020-01-27","deposit",383,2200
350,"2020-02-02","purchase",440,1760
350,"2020-02-12","deposit",261,2021
350,"2020-02-13","withdrawal",165,1856
350,"2020-02-13","withdrawal",149,1707
350,"2020-02-16","purchase",144,1563
350,"2020-02-28","withdrawal",483,1080
350,"2020-03-02","withdrawal",352,728
350,"2020-03-05","purchase",171,557
350,"2020-03-16","deposit",154,711
350,"2020-03-23","purchase",947,-236
350,"2020-03-23","deposit",724,488
350,"2020-03-27","purchase",662,-174
350,"2020-04-05","purchase",345,-519
350,"2020-04-07","withdrawal",714,-1233
351,"2020-01-03","deposit",371,371
351,"2020-01-03","deposit",951,1322
351,"2020-01-12","purchase",583,739
351,"2020-01-31","withdrawal",649,90
351,"2020-02-13","withdrawal",729,-639
351,"2020-02-18","deposit",228,-411
351,"2020-02-19","purchase",578,-989
351,"2020-02-25","withdrawal",544,-1533
351,"2020-03-27","withdrawal",327,-1860
352,"2020-01-21","deposit",416,416
352,"2020-02-07","withdrawal",989,-573
352,"2020-02-13","purchase",579,-1152
352,"2020-02-20","purchase",460,-1612
352,"2020-03-12","withdrawal",699,-2311
352,"2020-03-14","purchase",250,-2561
352,"2020-03-20","deposit",787,-1774
352,"2020-04-11","purchase",874,-2648
352,"2020-04-14","deposit",379,-2269
353,"2020-01-01","deposit",57,57
353,"2020-01-13","purchase",935,-878
353,"2020-01-19","deposit",898,20
353,"2020-01-26","withdrawal",575,-555
353,"2020-02-04","purchase",523,-1078
353,"2020-02-21","purchase",741,-1819
353,"2020-03-11","withdrawal",738,-2557
353,"2020-03-12","deposit",846,-1711
353,"2020-03-12","deposit",760,-951
353,"2020-03-21","deposit",435,-516
354,"2020-01-23","deposit",822,822
354,"2020-03-17","purchase",664,158
355,"2020-01-21","deposit",367,367
355,"2020-01-24","purchase",612,-245
355,"2020-02-09","deposit",767,522
355,"2020-02-18","purchase",716,-194
355,"2020-03-24","purchase",943,-1137
355,"2020-04-08","withdrawal",630,-1767
355,"2020-04-19","deposit",915,-852
356,"2020-01-11","deposit",568,568
356,"2020-01-13","withdrawal",532,36
356,"2020-01-17","purchase",733,-697
356,"2020-01-19","withdrawal",553,-1250
356,"2020-01-22","deposit",607,-643
356,"2020-01-29","withdrawal",783,-1426
356,"2020-01-31","purchase",444,-1870
356,"2020-02-01","withdrawal",752,-2622
356,"2020-02-11","purchase",349,-2971
356,"2020-02-15","purchase",681,-3652
356,"2020-02-22","withdrawal",277,-3929
356,"2020-03-13","withdrawal",828,-4757
356,"2020-03-22","purchase",654,-5411
356,"2020-03-25","withdrawal",568,-5979
356,"2020-03-26","purchase",539,-6518
356,"2020-04-06","deposit",953,-5565
356,"2020-04-09","withdrawal",673,-6238
356,"2020-04-09","withdrawal",644,-6882
357,"2020-01-20","deposit",780,780
357,"2020-02-05","withdrawal",136,644
357,"2020-02-19","deposit",138,782
357,"2020-02-27","deposit",96,878
357,"2020-03-28","withdrawal",382,496
357,"2020-04-16","withdrawal",684,-188
358,"2020-01-15","deposit",129,129
358,"2020-01-16","purchase",582,-453
358,"2020-01-25","withdrawal",992,-1445
358,"2020-01-29","deposit",383,-1062
358,"2020-02-02","deposit",443,-619
358,"2020-03-02","purchase",340,-959
358,"2020-03-07","deposit",906,-53
358,"2020-03-30","purchase",830,-883
358,"2020-04-02","deposit",175,-708
359,"2020-01-09","deposit",10,10
359,"2020-01-10","deposit",915,925
359,"2020-01-20","deposit",136,1061
359,"2020-01-29","purchase",171,890
359,"2020-02-09","deposit",434,1324
359,"2020-02-27","withdrawal",40,1284
359,"2020-03-04","deposit",991,2275
359,"2020-03-05","deposit",845,3120
359,"2020-03-18","deposit",374,3494
359,"2020-03-24","withdrawal",335,3159
359,"2020-04-07","purchase",281,2878
360,"2020-01-16","deposit",385,385
360,"2020-01-19","withdrawal",77,308
360,"2020-01-20","deposit",549,857
360,"2020-01-25","withdrawal",915,-58
360,"2020-01-26","purchase",159,-217
360,"2020-01-27","withdrawal",628,-845
360,"2020-01-31","withdrawal",461,-1306
360,"2020-02-10","deposit",912,-394
360,"2020-02-21","purchase",21,-415
360,"2020-02-23","withdrawal",337,-752
360,"2020-02-27","withdrawal",654,-1406
360,"2020-02-27","deposit",979,-427
360,"2020-03-12","purchase",951,-1378
360,"2020-03-17","withdrawal",408,-1786
360,"2020-03-28","deposit",531,-1255
360,"2020-04-04","deposit",977,-278
360,"2020-04-06","purchase",954,-1232
360,"2020-04-11","deposit",908,-324
361,"2020-01-12","withdrawal",457,-457
361,"2020-01-12","deposit",797,340
361,"2020-02-12","deposit",109,449
361,"2020-02-21","deposit",323,772
362,"2020-01-28","deposit",416,416
362,"2020-02-13","deposit",65,481
362,"2020-03-26","withdrawal",74,407
362,"2020-03-27","purchase",971,-564
362,"2020-04-10","deposit",463,-101
362,"2020-04-22","deposit",716,615
363,"2020-01-06","deposit",99,99
363,"2020-01-06","deposit",622,721
363,"2020-01-29","deposit",256,977
363,"2020-02-06","purchase",551,426
363,"2020-02-10","withdrawal",533,-107
363,"2020-02-14","deposit",301,194
363,"2020-02-23","purchase",812,-618
363,"2020-03-01","withdrawal",966,-1584
363,"2020-03-04","purchase",563,-2147
363,"2020-03-06","deposit",266,-1881
363,"2020-03-26","withdrawal",462,-2343
363,"2020-03-28","withdrawal",722,-3065
363,"2020-04-01","deposit",179,-2886
364,"2020-01-10","deposit",563,563
364,"2020-01-22","withdrawal",365,198
364,"2020-01-25","purchase",255,-57
364,"2020-02-11","withdrawal",469,-526
364,"2020-02-13","deposit",87,-439
364,"2020-02-15","deposit",846,407
364,"2020-02-15","withdrawal",211,196
364,"2020-02-16","deposit",127,323
364,"2020-02-21","purchase",704,-381
364,"2020-02-25","withdrawal",75,-456
364,"2020-03-02","withdrawal",543,-999
364,"2020-03-04","deposit",615,-384
364,"2020-03-04","deposit",512,128
364,"2020-03-13","withdrawal",241,-113
364,"2020-03-14","deposit",736,623
364,"2020-03-17","deposit",550,1173
364,"2020-04-06","deposit",537,1710
364,"2020-04-06","withdrawal",899,811
365,"2020-01-25","deposit",595,595
365,"2020-01-26","withdrawal",412,183
365,"2020-01-28","withdrawal",251,-68
365,"2020-02-04","deposit",355,287
365,"2020-02-21","deposit",715,1002
365,"2020-02-25","purchase",462,540
365,"2020-02-27","withdrawal",296,244
365,"2020-03-12","withdrawal",750,-506
365,"2020-03-21","deposit",689,183
365,"2020-03-25","purchase",152,31
365,"2020-03-30","purchase",106,-75
365,"2020-04-08","deposit",469,394
365,"2020-04-15","withdrawal",229,165
365,"2020-04-23","purchase",925,-760
366,"2020-01-21","deposit",965,965
366,"2020-01-25","purchase",708,257
366,"2020-01-26","withdrawal",308,-51
366,"2020-02-03","deposit",444,393
366,"2020-02-04","deposit",9,402
366,"2020-02-05","deposit",707,1109
366,"2020-02-12","deposit",944,2053
366,"2020-02-12","withdrawal",530,1523
366,"2020-02-21","deposit",569,2092
366,"2020-02-22","withdrawal",756,1336
366,"2020-02-22","deposit",297,1633
366,"2020-02-23","purchase",760,873
366,"2020-02-23","withdrawal",819,54
366,"2020-02-24","withdrawal",147,-93
366,"2020-03-03","withdrawal",401,-494
366,"2020-03-05","purchase",19,-513
366,"2020-03-07","purchase",270,-783
366,"2020-03-14","withdrawal",291,-1074
366,"2020-03-27","purchase",174,-1248
366,"2020-03-28","withdrawal",57,-1305
366,"2020-04-03","deposit",209,-1096
367,"2020-01-29","deposit",239,239
367,"2020-02-07","purchase",693,-454
367,"2020-02-08","withdrawal",460,-914
367,"2020-02-16","withdrawal",394,-1308
367,"2020-02-16","deposit",595,-713
367,"2020-02-17","deposit",581,-132
367,"2020-02-24","purchase",335,-467
367,"2020-03-03","withdrawal",987,-1454
367,"2020-03-06","withdrawal",779,-2233
367,"2020-03-12","withdrawal",784,-3017
367,"2020-03-17","withdrawal",84,-3101
367,"2020-04-05","deposit",694,-2407
367,"2020-04-06","deposit",355,-2052
367,"2020-04-11","withdrawal",144,-2196
367,"2020-04-18","deposit",499,-1697
368,"2020-01-17","deposit",100,100
368,"2020-01-28","withdrawal",903,-803
368,"2020-01-30","deposit",277,-526
368,"2020-02-02","purchase",232,-758
368,"2020-02-03","withdrawal",510,-1268
368,"2020-02-06","deposit",450,-818
368,"2020-02-07","withdrawal",242,-1060
368,"2020-02-12","purchase",910,-1970
368,"2020-02-17","withdrawal",296,-2266
368,"2020-02-18","withdrawal",626,-2892
368,"2020-02-21","withdrawal",598,-3490
368,"2020-03-04","purchase",147,-3637
368,"2020-03-18","deposit",782,-2855
368,"2020-03-22","deposit",952,-1903
368,"2020-03-29","deposit",934,-969
368,"2020-03-30","purchase",507,-1476
368,"2020-04-01","purchase",208,-1684
368,"2020-04-08","withdrawal",282,-1966
368,"2020-04-11","withdrawal",387,-2353
368,"2020-04-14","purchase",507,-2860
369,"2020-01-25","deposit",376,376
369,"2020-01-28","withdrawal",110,266
369,"2020-03-04","deposit",958,1224
369,"2020-03-12","deposit",971,2195
369,"2020-03-16","purchase",516,1679
370,"2020-01-13","deposit",363,363
370,"2020-01-18","purchase",161,202
370,"2020-01-20","withdrawal",903,-701
370,"2020-01-20","withdrawal",572,-1273
370,"2020-01-26","purchase",329,-1602
370,"2020-01-30","withdrawal",693,-2295
370,"2020-02-08","purchase",928,-3223
370,"2020-02-09","deposit",452,-2771
370,"2020-02-16","deposit",582,-2189
370,"2020-02-18","deposit",393,-1796
370,"2020-02-26","deposit",161,-1635
370,"2020-03-13","deposit",175,-1460
370,"2020-03-13","purchase",520,-1980
370,"2020-03-23","deposit",669,-1311
370,"2020-04-06","deposit",597,-714
370,"2020-04-09","purchase",782,-1496
371,"2020-01-21","deposit",528,528
371,"2020-01-29","purchase",662,-134
371,"2020-02-04","purchase",685,-819
371,"2020-02-05","deposit",238,-581
371,"2020-02-16","deposit",146,-435
371,"2020-02-21","deposit",631,196
371,"2020-02-25","withdrawal",350,-154
371,"2020-03-05","withdrawal",93,-247
371,"2020-03-06","withdrawal",383,-630
371,"2020-03-13","withdrawal",218,-848
371,"2020-03-23","withdrawal",40,-888
371,"2020-03-28","deposit",883,-5
371,"2020-04-10","purchase",755,-760
371,"2020-04-11","purchase",483,-1243
372,"2020-01-02","deposit",920,920
372,"2020-01-07","withdrawal",208,712
372,"2020-01-12","deposit",296,1008
372,"2020-01-18","deposit",924,1932
372,"2020-01-20","purchase",120,1812
372,"2020-01-25","deposit",906,2718
372,"2020-02-05","deposit",268,2986
372,"2020-02-11","deposit",735,3721
372,"2020-02-20","purchase",578,3143
372,"2020-02-21","withdrawal",949,2194
372,"2020-02-24","withdrawal",953,1241
372,"2020-03-02","deposit",85,1326
372,"2020-03-02","deposit",205,1531
372,"2020-03-02","withdrawal",457,1074
372,"2020-03-05","withdrawal",462,612
372,"2020-03-10","purchase",802,-190
372,"2020-03-15","purchase",44,-234
372,"2020-03-25","purchase",402,-636
372,"2020-03-26","purchase",897,-1533
372,"2020-03-27","withdrawal",383,-1916
372,"2020-03-28","deposit",291,-1625
373,"2020-01-18","deposit",596,596
373,"2020-01-21","purchase",103,493
373,"2020-02-15","purchase",216,277
373,"2020-03-26","deposit",780,1057
373,"2020-04-03","deposit",514,1571
373,"2020-04-08","deposit",755,2326
373,"2020-04-12","purchase",875,1451
374,"2020-01-08","purchase",354,-354
374,"2020-01-08","deposit",117,-237
374,"2020-01-10","purchase",654,-891
374,"2020-01-19","deposit",842,-49
374,"2020-01-23","deposit",398,349
374,"2020-01-28","withdrawal",806,-457
374,"2020-02-18","withdrawal",572,-1029
374,"2020-02-18","deposit",98,-931
374,"2020-02-19","purchase",361,-1292
374,"2020-03-17","deposit",885,-407
374,"2020-03-22","withdrawal",686,-1093
374,"2020-03-23","purchase",3,-1096
374,"2020-03-28","deposit",422,-674
374,"2020-03-31","purchase",172,-846
375,"2020-01-19","deposit",647,647
375,"2020-02-03","withdrawal",707,-60
375,"2020-02-03","deposit",683,623
375,"2020-02-09","deposit",169,792
375,"2020-02-17","purchase",464,328
375,"2020-03-03","withdrawal",798,-470
375,"2020-03-28","deposit",30,-440
375,"2020-04-11","withdrawal",851,-1291
376,"2020-01-03","deposit",706,706
376,"2020-01-03","withdrawal",77,629
376,"2020-01-09","purchase",554,75
376,"2020-01-13","deposit",628,703
376,"2020-01-20","purchase",7,696
376,"2020-01-21","deposit",518,1214
376,"2020-01-31","deposit",400,1614
376,"2020-02-06","withdrawal",996,618
376,"2020-02-11","deposit",902,1520
376,"2020-02-12","deposit",950,2470
376,"2020-02-21","deposit",44,2514
376,"2020-02-21","deposit",892,3406
376,"2020-02-27","deposit",25,3431
376,"2020-02-29","withdrawal",916,2515
376,"2020-03-06","withdrawal",381,2134
376,"2020-03-06","purchase",595,1539
376,"2020-03-12","withdrawal",325,1214
376,"2020-03-12","withdrawal",374,840
376,"2020-03-18","deposit",427,1267
376,"2020-03-27","deposit",815,2082
376,"2020-03-31","deposit",980,3062
377,"2020-01-18","deposit",637,637
377,"2020-01-25","deposit",99,736
377,"2020-01-30","withdrawal",484,252
377,"2020-02-05","withdrawal",92,160
377,"2020-02-26","purchase",342,-182
377,"2020-04-06","deposit",633,451
377,"2020-04-08","withdrawal",655,-204
377,"2020-04-09","withdrawal",581,-785
378,"2020-01-07","deposit",193,193
378,"2020-01-26","purchase",186,7
378,"2020-01-27","deposit",369,376
378,"2020-01-30","deposit",108,484
378,"2020-02-05","deposit",392,876
378,"2020-02-11","deposit",936,1812
378,"2020-02-14","withdrawal",623,1189
378,"2020-02-26","deposit",145,1334
378,"2020-02-26","deposit",428,1762
378,"2020-02-27","deposit",662,2424
378,"2020-03-04","withdrawal",497,1927
378,"2020-03-12","purchase",690,1237
378,"2020-03-21","deposit",353,1590
379,"2020-01-12","deposit",451,451
379,"2020-01-12","purchase",486,-35
379,"2020-02-03","deposit",604,569
379,"2020-02-10","withdrawal",271,298
379,"2020-02-18","withdrawal",93,205
379,"2020-02-25","purchase",473,-268
379,"2020-04-04","purchase",938,-1206
380,"2020-01-03","deposit",487,487
380,"2020-01-12","purchase",433,54
380,"2020-01-17","withdrawal",431,-377
380,"2020-01-17","deposit",48,-329
380,"2020-01-30","purchase",520,-849
380,"2020-02-12","withdrawal",919,-1768
380,"2020-02-16","deposit",833,-935
380,"2020-02-17","deposit",230,-705
380,"2020-02-28","purchase",758,-1463
380,"2020-02-29","withdrawal",18,-1481
380,"2020-03-01","purchase",336,-1817
380,"2020-03-01","purchase",864,-2681
380,"2020-03-20","purchase",219,-2900
380,"2020-03-20","purchase",81,-2981
380,"2020-03-26","deposit",77,-2904
380,"2020-03-28","withdrawal",758,-3662
381,"2020-01-28","deposit",66,66
381,"2020-02-03","deposit",926,992
381,"2020-03-02","purchase",985,7
381,"2020-03-05","withdrawal",186,-179
381,"2020-03-22","deposit",457,278
381,"2020-04-02","withdrawal",16,262
381,"2020-04-03","withdrawal",936,-674
381,"2020-04-20","withdrawal",367,-1041
381,"2020-04-26","deposit",444,-597
382,"2020-01-03","deposit",140,140
382,"2020-01-03","purchase",512,-372
382,"2020-01-10","deposit",95,-277
382,"2020-01-22","withdrawal",410,-687
382,"2020-02-11","purchase",59,-746
382,"2020-02-17","deposit",866,120
382,"2020-02-22","withdrawal",579,-459
382,"2020-02-27","withdrawal",736,-1195
382,"2020-03-01","purchase",374,-1569
382,"2020-03-07","withdrawal",64,-1633
382,"2020-03-18","withdrawal",386,-2019
382,"2020-03-26","deposit",499,-1520
382,"2020-03-29","deposit",340,-1180
382,"2020-03-31","deposit",39,-1141
383,"2020-01-26","deposit",889,889
383,"2020-01-29","withdrawal",925,-36
383,"2020-02-01","deposit",606,570
383,"2020-02-25","deposit",365,935
383,"2020-03-01","purchase",827,108
383,"2020-03-28","withdrawal",725,-617
383,"2020-04-03","deposit",239,-378
383,"2020-04-16","deposit",944,566
383,"2020-04-19","deposit",907,1473
383,"2020-04-23","withdrawal",419,1054
383,"2020-04-24","withdrawal",141,913
384,"2020-01-12","deposit",352,352
384,"2020-01-21","purchase",117,235
384,"2020-01-30","purchase",245,-10
384,"2020-02-06","purchase",976,-986
384,"2020-02-07","withdrawal",568,-1554
384,"2020-02-09","withdrawal",835,-2389
384,"2020-02-15","deposit",600,-1789
384,"2020-02-19","purchase",425,-2214
384,"2020-02-26","deposit",635,-1579
384,"2020-02-26","purchase",460,-2039
384,"2020-02-27","purchase",447,-2486
384,"2020-03-01","deposit",654,-1832
384,"2020-03-03","withdrawal",363,-2195
384,"2020-03-14","purchase",981,-3176
384,"2020-03-23","deposit",869,-2307
384,"2020-03-31","withdrawal",220,-2527
385,"2020-01-15","deposit",585,585
385,"2020-01-26","purchase",990,-405
385,"2020-01-26","withdrawal",512,-917
385,"2020-01-31","withdrawal",257,-1174
385,"2020-03-03","deposit",335,-839
385,"2020-03-11","purchase",855,-1694
385,"2020-03-15","withdrawal",916,-2610
385,"2020-03-22","purchase",988,-3598
385,"2020-03-27","purchase",607,-4205
385,"2020-03-30","purchase",488,-4693
385,"2020-04-03","withdrawal",168,-4861
386,"2020-01-26","deposit",854,854
386,"2020-01-27","deposit",254,1108
386,"2020-02-02","purchase",239,869
386,"2020-02-22","purchase",110,759
386,"2020-03-08","purchase",470,289
386,"2020-03-18","deposit",489,778
386,"2020-03-23","purchase",681,97
386,"2020-03-29","withdrawal",863,-766
386,"2020-04-02","withdrawal",315,-1081
386,"2020-04-03","purchase",975,-2056
386,"2020-04-11","withdrawal",385,-2441
386,"2020-04-13","deposit",328,-2113
386,"2020-04-20","withdrawal",771,-2884
386,"2020-04-22","purchase",953,-3837
387,"2020-01-22","deposit",180,180
387,"2020-01-29","deposit",889,1069
387,"2020-03-07","deposit",761,1830
387,"2020-03-16","deposit",721,2551
387,"2020-04-01","deposit",808,3359
387,"2020-04-12","purchase",688,2671
387,"2020-04-13","withdrawal",217,2454
388,"2020-01-09","deposit",833,833
388,"2020-01-11","deposit",860,1693
388,"2020-01-21","deposit",550,2243
388,"2020-02-04","withdrawal",336,1907
388,"2020-02-21","purchase",781,1126
388,"2020-03-04","deposit",472,1598
388,"2020-04-01","purchase",222,1376
389,"2020-01-04","deposit",632,632
389,"2020-01-09","withdrawal",852,-220
389,"2020-01-10","deposit",398,178
389,"2020-01-24","purchase",205,-27
389,"2020-02-03","deposit",681,654
389,"2020-02-07","withdrawal",375,279
389,"2020-02-18","deposit",832,1111
389,"2020-02-20","purchase",25,1086
389,"2020-02-24","deposit",131,1217
389,"2020-02-25","purchase",727,490
389,"2020-03-06","deposit",161,651
389,"2020-03-16","deposit",563,1214
389,"2020-04-02","deposit",791,2005
390,"2020-01-15","deposit",102,102
390,"2020-01-28","withdrawal",807,-705
390,"2020-02-04","withdrawal",121,-826
390,"2020-02-08","purchase",726,-1552
390,"2020-02-09","purchase",117,-1669
390,"2020-02-21","withdrawal",369,-2038
390,"2020-03-09","purchase",713,-2751
390,"2020-03-14","deposit",804,-1947
390,"2020-03-17","withdrawal",172,-2119
390,"2020-03-20","purchase",423,-2542
390,"2020-03-20","deposit",613,-1929
390,"2020-04-01","deposit",735,-1194
390,"2020-04-02","purchase",152,-1346
390,"2020-04-03","purchase",746,-2092
390,"2020-04-07","purchase",709,-2801
391,"2020-01-15","deposit",219,219
391,"2020-01-20","deposit",733,952
391,"2020-01-25","purchase",349,603
391,"2020-02-10","deposit",133,736
391,"2020-02-18","purchase",454,282
391,"2020-02-26","purchase",280,2
391,"2020-03-08","deposit",595,597
391,"2020-03-20","deposit",795,1392
391,"2020-03-25","purchase",393,999
391,"2020-03-29","purchase",727,272
391,"2020-04-06","purchase",849,-577
391,"2020-04-13","deposit",487,-90
392,"2020-01-29","deposit",876,876
392,"2020-01-29","withdrawal",60,816
392,"2020-02-06","deposit",995,1811
392,"2020-02-07","deposit",223,2034
392,"2020-03-04","purchase",120,1914
392,"2020-03-09","withdrawal",416,1498
392,"2020-04-01","withdrawal",503,995
392,"2020-04-12","purchase",70,925
392,"2020-04-21","deposit",328,1253
393,"2020-01-17","deposit",118,118
393,"2020-01-30","deposit",541,659
393,"2020-02-01","purchase",577,82
393,"2020-02-04","withdrawal",62,20
393,"2020-02-08","deposit",98,118
393,"2020-03-01","deposit",720,838
393,"2020-03-02","withdrawal",310,528
393,"2020-03-05","deposit",867,1395
393,"2020-03-17","withdrawal",727,668
393,"2020-03-21","deposit",739,1407
393,"2020-03-25","purchase",327,1080
393,"2020-03-29","deposit",776,1856
393,"2020-03-29","withdrawal",356,1500
393,"2020-04-04","withdrawal",68,1432
393,"2020-04-05","purchase",317,1115
393,"2020-04-10","purchase",476,639
394,"2020-01-04","deposit",908,908
394,"2020-01-04","deposit",854,1762
394,"2020-01-07","deposit",255,2017
394,"2020-01-11","purchase",218,1799
394,"2020-01-14","withdrawal",294,1505
394,"2020-01-19","deposit",798,2303
394,"2020-01-27","deposit",965,3268
394,"2020-02-01","purchase",850,2418
394,"2020-02-05","purchase",313,2105
394,"2020-02-09","deposit",259,2364
394,"2020-02-16","purchase",468,1896
394,"2020-02-19","deposit",769,2665
394,"2020-02-21","purchase",839,1826
394,"2020-02-28","deposit",818,2644
394,"2020-03-14","withdrawal",570,2074
394,"2020-03-16","withdrawal",654,1420
395,"2020-01-14","deposit",40,40
395,"2020-01-16","purchase",636,-596
395,"2020-01-18","purchase",507,-1103
395,"2020-01-21","deposit",35,-1068
395,"2020-01-23","withdrawal",714,-1782
395,"2020-02-14","deposit",868,-914
395,"2020-03-02","deposit",548,-366
395,"2020-03-04","deposit",396,30
395,"2020-03-23","purchase",583,-553
395,"2020-03-31","withdrawal",350,-903
395,"2020-04-09","purchase",820,-1723
396,"2020-01-01","deposit",608,608
396,"2020-01-01","deposit",334,942
396,"2020-01-02","withdrawal",598,344
396,"2020-01-05","purchase",114,230
396,"2020-01-10","deposit",460,690
396,"2020-01-10","withdrawal",878,-188
396,"2020-01-13","withdrawal",201,-389
396,"2020-01-18","purchase",520,-909
396,"2020-02-01","withdrawal",454,-1363
396,"2020-02-03","withdrawal",221,-1584
396,"2020-02-16","deposit",230,-1354
396,"2020-02-28","deposit",804,-550
396,"2020-03-01","purchase",792,-1342
396,"2020-03-05","withdrawal",586,-1928
396,"2020-03-11","purchase",403,-2331
396,"2020-03-15","purchase",680,-3011
396,"2020-03-19","deposit",245,-2766
396,"2020-03-23","purchase",82,-2848
397,"2020-01-06","deposit",973,973
397,"2020-02-05","deposit",133,1106
397,"2020-03-10","deposit",676,1782
397,"2020-03-11","purchase",73,1709
398,"2020-01-01","deposit",196,196
398,"2020-01-10","purchase",951,-755
398,"2020-01-14","withdrawal",255,-1010
398,"2020-01-16","withdrawal",195,-1205
398,"2020-01-23","deposit",523,-682
398,"2020-01-27","purchase",570,-1252
398,"2020-01-31","deposit",823,-429
398,"2020-02-02","purchase",38,-467
398,"2020-02-13","purchase",546,-1013
398,"2020-02-14","purchase",902,-1915
398,"2020-02-16","withdrawal",232,-2147
398,"2020-02-20","purchase",150,-2297
398,"2020-02-27","purchase",874,-3171
398,"2020-03-09","deposit",873,-2298
398,"2020-03-10","withdrawal",678,-2976
398,"2020-03-14","withdrawal",817,-3793
398,"2020-03-21","purchase",201,-3994
398,"2020-03-22","purchase",916,-4910
398,"2020-03-24","deposit",874,-4036
398,"2020-03-24","deposit",635,-3401
399,"2020-01-13","withdrawal",187,-187
399,"2020-01-13","deposit",780,593
399,"2020-02-06","purchase",999,-406
399,"2020-02-14","deposit",105,-301
399,"2020-03-07","withdrawal",265,-566
399,"2020-03-13","withdrawal",769,-1335
399,"2020-03-13","deposit",804,-531
399,"2020-03-22","withdrawal",957,-1488
399,"2020-04-01","withdrawal",229,-1717
400,"2020-01-24","deposit",691,691
400,"2020-01-26","withdrawal",536,155
400,"2020-02-04","withdrawal",242,-87
400,"2020-02-21","purchase",395,-482
400,"2020-02-26","deposit",73,-409
400,"2020-04-11","deposit",944,535
400,"2020-04-18","deposit",803,1338
401,"2020-01-03","deposit",956,956
401,"2020-01-21","withdrawal",854,102
401,"2020-02-29","withdrawal",127,-25
401,"2020-03-07","purchase",855,-880
401,"2020-03-20","deposit",963,83
402,"2020-01-05","deposit",435,435
402,"2020-01-13","withdrawal",127,308
402,"2020-01-19","deposit",805,1113
402,"2020-01-31","deposit",365,1478
402,"2020-02-10","deposit",166,1644
402,"2020-02-18","purchase",45,1599
402,"2020-03-17","purchase",803,796
403,"2020-01-13","deposit",232,232
403,"2020-01-24","withdrawal",60,172
403,"2020-01-25","deposit",649,821
403,"2020-01-30","withdrawal",518,303
403,"2020-03-03","purchase",81,222
403,"2020-03-09","deposit",765,987
403,"2020-04-06","deposit",60,1047
404,"2020-01-02","deposit",724,724
404,"2020-01-02","withdrawal",636,88
404,"2020-01-05","withdrawal",42,46
404,"2020-01-07","withdrawal",137,-91
404,"2020-01-09","deposit",229,138
404,"2020-01-16","purchase",592,-454
404,"2020-01-16","deposit",933,479
404,"2020-01-17","purchase",190,289
404,"2020-01-24","withdrawal",867,-578
404,"2020-01-25","deposit",333,-245
404,"2020-02-05","withdrawal",44,-289
404,"2020-02-06","deposit",329,40
404,"2020-02-12","deposit",981,1021
404,"2020-02-14","purchase",515,506
404,"2020-02-27","purchase",853,-347
404,"2020-03-08","deposit",41,-306
404,"2020-03-11","withdrawal",351,-657
404,"2020-03-16","purchase",563,-1220
404,"2020-03-23","purchase",720,-1940
404,"2020-03-27","deposit",364,-1576
404,"2020-03-31","purchase",908,-2484
405,"2020-01-04","deposit",413,413
405,"2020-01-12","withdrawal",975,-562
405,"2020-01-13","purchase",209,-771
405,"2020-01-14","deposit",480,-291
405,"2020-01-17","purchase",492,-783
405,"2020-01-17","purchase",754,-1537
405,"2020-01-20","purchase",458,-1995
405,"2020-01-29","purchase",902,-2897
405,"2020-02-01","purchase",593,-3490
405,"2020-02-07","purchase",438,-3928
405,"2020-02-19","withdrawal",742,-4670
405,"2020-02-25","deposit",545,-4125
405,"2020-03-07","deposit",702,-3423
405,"2020-03-10","purchase",456,-3879
405,"2020-03-13","purchase",984,-4863
405,"2020-03-14","deposit",38,-4825
405,"2020-03-18","withdrawal",671,-5496
405,"2020-03-27","purchase",171,-5667
405,"2020-03-30","withdrawal",836,-6503
405,"2020-03-31","withdrawal",379,-6882
405,"2020-04-02","purchase",188,-7070
406,"2020-01-26","deposit",795,795
406,"2020-02-01","deposit",829,1624
406,"2020-02-12","withdrawal",424,1200
406,"2020-02-15","withdrawal",69,1131
406,"2020-03-02","deposit",177,1308
406,"2020-03-03","deposit",337,1645
406,"2020-03-04","deposit",51,1696
406,"2020-03-09","deposit",385,2081
406,"2020-03-12","withdrawal",114,1967
406,"2020-03-24","deposit",394,2361
406,"2020-03-28","deposit",236,2597
406,"2020-04-03","withdrawal",262,2335
406,"2020-04-04","withdrawal",606,1729
406,"2020-04-06","deposit",892,2621
406,"2020-04-10","withdrawal",342,2279
407,"2020-01-14","deposit",804,804
407,"2020-01-23","withdrawal",821,-17
407,"2020-01-25","deposit",24,7
407,"2020-02-04","deposit",643,650
407,"2020-02-05","purchase",604,46
407,"2020-03-16","withdrawal",946,-900
407,"2020-04-01","purchase",999,-1899
407,"2020-04-03","purchase",969,-2868
407,"2020-04-04","purchase",407,-3275
408,"2020-01-21","deposit",514,514
408,"2020-01-30","withdrawal",659,-145
408,"2020-03-09","deposit",945,800
408,"2020-04-14","purchase",932,-132
409,"2020-01-22","deposit",155,155
409,"2020-02-11","deposit",713,868
409,"2020-02-13","deposit",556,1424
409,"2020-02-18","purchase",990,434
409,"2020-02-24","deposit",937,1371
409,"2020-03-01","deposit",983,2354
409,"2020-03-18","withdrawal",924,1430
409,"2020-03-20","deposit",650,2080
409,"2020-03-24","deposit",61,2141
409,"2020-03-25","deposit",314,2455
409,"2020-04-13","withdrawal",894,1561
409,"2020-04-16","deposit",629,2190
409,"2020-04-17","deposit",433,2623
410,"2020-01-07","deposit",601,601
410,"2020-01-08","purchase",171,430
410,"2020-01-21","deposit",595,1025
410,"2020-02-07","purchase",103,922
410,"2020-02-10","withdrawal",723,199
410,"2020-03-04","deposit",136,335
410,"2020-03-09","withdrawal",78,257
410,"2020-03-14","withdrawal",666,-409
410,"2020-03-16","deposit",135,-274
410,"2020-03-28","deposit",222,-52
411,"2020-01-27","deposit",551,551
411,"2020-04-08","purchase",871,-320
411,"2020-04-23","purchase",661,-981
412,"2020-01-01","deposit",381,381
412,"2020-01-03","purchase",242,139
412,"2020-01-06","deposit",583,722
412,"2020-02-19","withdrawal",114,608
413,"2020-01-26","deposit",927,927
413,"2020-01-28","withdrawal",793,134
413,"2020-01-28","deposit",508,642
413,"2020-02-01","deposit",851,1493
413,"2020-02-05","withdrawal",389,1104
413,"2020-02-10","deposit",223,1327
413,"2020-02-16","withdrawal",957,370
413,"2020-02-25","deposit",702,1072
413,"2020-04-01","purchase",271,801
414,"2020-01-08","deposit",445,445
414,"2020-01-21","withdrawal",414,31
414,"2020-01-22","deposit",711,742
414,"2020-01-28","withdrawal",303,439
414,"2020-03-04","deposit",616,1055
414,"2020-03-13","deposit",863,1918
415,"2020-01-07","deposit",566,566
415,"2020-01-07","deposit",152,718
415,"2020-01-22","purchase",192,526
415,"2020-01-31","purchase",195,331
415,"2020-02-13","purchase",67,264
415,"2020-02-22","purchase",850,-586
415,"2020-03-01","purchase",981,-1567
415,"2020-03-03","withdrawal",318,-1885
415,"2020-03-04","purchase",972,-2857
415,"2020-03-05","deposit",227,-2630
415,"2020-03-10","deposit",252,-2378
415,"2020-03-15","purchase",365,-2743
415,"2020-03-20","withdrawal",947,-3690
415,"2020-03-22","withdrawal",597,-4287
416,"2020-01-16","deposit",756,756
416,"2020-02-02","deposit",996,1752
416,"2020-02-03","withdrawal",806,946
416,"2020-02-03","withdrawal",990,-44
416,"2020-02-10","deposit",699,655
416,"2020-02-12","deposit",256,911
416,"2020-02-17","deposit",990,1901
416,"2020-02-20","purchase",186,1715
416,"2020-03-10","deposit",904,2619
416,"2020-03-11","deposit",407,3026
416,"2020-03-13","purchase",144,2882
416,"2020-03-14","deposit",791,3673
416,"2020-03-23","deposit",660,4333
416,"2020-03-24","purchase",425,3908
416,"2020-03-27","purchase",584,3324
416,"2020-04-03","deposit",152,3476
416,"2020-04-04","purchase",183,3293
416,"2020-04-07","deposit",675,3968
416,"2020-04-10","purchase",70,3898
417,"2020-01-04","deposit",213,213
417,"2020-01-05","deposit",977,1190
417,"2020-01-08","deposit",832,2022
417,"2020-01-17","purchase",343,1679
417,"2020-01-22","purchase",972,707
417,"2020-02-05","deposit",792,1499
417,"2020-02-06","purchase",453,1046
417,"2020-02-06","purchase",916,130
417,"2020-02-20","purchase",220,-90
417,"2020-02-21","withdrawal",320,-410
417,"2020-02-24","purchase",472,-882
417,"2020-02-29","purchase",197,-1079
417,"2020-03-04","purchase",620,-1699
417,"2020-03-30","deposit",159,-1540
417,"2020-04-01","purchase",307,-1847
418,"2020-01-07","deposit",688,688
418,"2020-01-11","purchase",427,261
418,"2020-01-14","deposit",205,466
418,"2020-01-21","deposit",390,856
418,"2020-01-28","withdrawal",285,571
418,"2020-01-30","withdrawal",732,-161
418,"2020-01-31","withdrawal",338,-499
418,"2020-02-06","purchase",739,-1238
418,"2020-02-11","purchase",586,-1824
418,"2020-02-16","deposit",730,-1094
418,"2020-02-18","withdrawal",936,-2030
418,"2020-02-18","deposit",567,-1463
418,"2020-02-21","deposit",824,-639
418,"2020-02-25","withdrawal",357,-996
418,"2020-03-03","deposit",473,-523
418,"2020-03-12","withdrawal",289,-812
418,"2020-03-13","purchase",812,-1624
418,"2020-04-02","deposit",386,-1238
418,"2020-04-05","purchase",590,-1828
419,"2020-01-11","deposit",711,711
419,"2020-01-12","withdrawal",217,494
419,"2020-01-18","deposit",699,1193
419,"2020-02-09","purchase",779,414
419,"2020-02-11","purchase",755,-341
419,"2020-02-23","deposit",159,-182
419,"2020-02-28","deposit",305,123
419,"2020-03-13","purchase",523,-400
419,"2020-03-20","purchase",84,-484
419,"2020-03-24","purchase",796,-1280
420,"2020-01-24","purchase",431,-431
420,"2020-01-24","deposit",151,-280
420,"2020-02-10","purchase",430,-710
420,"2020-02-14","purchase",278,-988
420,"2020-02-21","purchase",796,-1784
420,"2020-02-23","withdrawal",361,-2145
420,"2020-02-28","deposit",28,-2117
420,"2020-03-05","deposit",406,-1711
420,"2020-03-06","withdrawal",500,-2211
420,"2020-03-07","withdrawal",103,-2314
420,"2020-03-24","purchase",143,-2457
420,"2020-04-09","purchase",435,-2892
420,"2020-04-12","deposit",641,-2251
420,"2020-04-16","withdrawal",313,-2564
420,"2020-04-21","deposit",486,-2078
421,"2020-01-09","deposit",205,205
421,"2020-01-28","purchase",946,-741
421,"2020-02-03","deposit",523,-218
421,"2020-02-12","withdrawal",353,-571
421,"2020-03-04","withdrawal",38,-609
421,"2020-03-25","deposit",196,-413
421,"2020-04-04","purchase",175,-588
421,"2020-04-05","deposit",900,312
422,"2020-01-25","deposit",356,356
422,"2020-02-02","purchase",8,348
422,"2020-02-04","purchase",947,-599
422,"2020-02-07","deposit",364,-235
422,"2020-02-08","withdrawal",653,-888
422,"2020-02-08","withdrawal",779,-1667
422,"2020-02-13","purchase",465,-2132
422,"2020-02-28","deposit",442,-1690
422,"2020-02-29","deposit",434,-1256
422,"2020-02-29","purchase",405,-1661
422,"2020-03-02","purchase",641,-2302
422,"2020-03-02","deposit",814,-1488
422,"2020-03-08","deposit",944,-544
422,"2020-03-14","purchase",256,-800
422,"2020-03-22","purchase",488,-1288
422,"2020-03-24","deposit",242,-1046
422,"2020-04-06","purchase",210,-1256
422,"2020-04-07","withdrawal",878,-2134
422,"2020-04-11","purchase",787,-2921
422,"2020-04-11","deposit",355,-2566
422,"2020-04-20","purchase",791,-3357
423,"2020-01-18","deposit",164,164
423,"2020-01-23","deposit",197,361
423,"2020-02-05","purchase",767,-406
423,"2020-02-26","deposit",144,-262
423,"2020-03-01","purchase",374,-636
423,"2020-03-03","deposit",983,347
423,"2020-03-05","deposit",974,1321
424,"2020-01-12","deposit",995,995
424,"2020-01-14","purchase",371,624
424,"2020-01-18","purchase",932,-308
424,"2020-01-30","purchase",287,-595
424,"2020-02-04","deposit",836,241
424,"2020-02-12","withdrawal",580,-339
424,"2020-02-14","deposit",591,252
424,"2020-02-16","deposit",702,954
424,"2020-02-18","purchase",323,631
424,"2020-02-18","purchase",311,320
424,"2020-02-24","withdrawal",264,56
424,"2020-02-25","purchase",903,-847
424,"2020-02-28","purchase",733,-1580
424,"2020-02-29","deposit",932,-648
424,"2020-03-05","purchase",250,-898
424,"2020-03-09","deposit",761,-137
424,"2020-03-15","withdrawal",800,-937
424,"2020-03-22","deposit",788,-149
424,"2020-03-25","purchase",791,-940
424,"2020-04-05","deposit",626,-314
425,"2020-01-09","deposit",308,308
425,"2020-01-15","purchase",245,63
425,"2020-02-14","deposit",708,771
425,"2020-02-16","purchase",483,288
425,"2020-02-18","deposit",55,343
425,"2020-02-20","withdrawal",483,-140
425,"2020-02-21","purchase",102,-242
425,"2020-02-21","deposit",250,8
425,"2020-02-29","purchase",513,-505
425,"2020-03-04","deposit",275,-230
425,"2020-03-08","deposit",287,57
425,"2020-04-04","withdrawal",347,-290
425,"2020-04-07","purchase",431,-721
426,"2020-01-15","deposit",282,282
426,"2020-01-22","purchase",984,-702
426,"2020-01-27","purchase",408,-1110
426,"2020-01-30","deposit",230,-880
426,"2020-02-01","purchase",861,-1741
426,"2020-02-03","purchase",860,-2601
426,"2020-02-14","deposit",7,-2594
426,"2020-02-26","purchase",462,-3056
426,"2020-02-29","withdrawal",746,-3802
426,"2020-03-06","purchase",532,-4334
426,"2020-03-10","withdrawal",229,-4563
426,"2020-03-21","withdrawal",59,-4622
426,"2020-03-30","deposit",270,-4352
426,"2020-04-05","purchase",122,-4474
426,"2020-04-08","purchase",325,-4799
426,"2020-04-10","withdrawal",310,-5109
426,"2020-04-11","withdrawal",243,-5352
427,"2020-01-22","deposit",588,588
427,"2020-02-07","deposit",516,1104
427,"2020-02-15","deposit",492,1596
427,"2020-02-19","deposit",420,2016
427,"2020-02-23","withdrawal",711,1305
427,"2020-03-01","purchase",670,635
427,"2020-03-23","withdrawal",580,55
427,"2020-03-27","deposit",621,676
427,"2020-04-08","deposit",667,1343
427,"2020-04-11","withdrawal",623,720
427,"2020-04-13","purchase",993,-273
427,"2020-04-18","purchase",43,-316
428,"2020-01-15","deposit",280,280
428,"2020-02-04","purchase",364,-84
428,"2020-02-06","purchase",176,-260
428,"2020-02-15","deposit",599,339
428,"2020-02-27","deposit",348,687
428,"2020-03-03","deposit",530,1217
429,"2020-01-21","deposit",82,82
429,"2020-02-14","purchase",128,-46
429,"2020-02-19","deposit",831,785
429,"2020-02-25","purchase",312,473
429,"2020-03-02","deposit",256,729
429,"2020-03-02","withdrawal",611,118
429,"2020-03-02","purchase",164,-46
429,"2020-04-04","withdrawal",855,-901
430,"2020-01-20","deposit",829,829
430,"2020-01-25","withdrawal",449,380
430,"2020-01-29","withdrawal",388,-8
430,"2020-02-26","purchase",332,-340
430,"2020-02-29","deposit",743,403
430,"2020-03-09","withdrawal",968,-565
430,"2020-03-23","purchase",761,-1326
431,"2020-01-11","deposit",101,101
431,"2020-01-18","deposit",158,259
431,"2020-01-20","purchase",659,-400
431,"2020-02-20","purchase",739,-1139
432,"2020-01-26","purchase",817,-817
432,"2020-01-26","deposit",637,-180
432,"2020-01-27","deposit",572,392
432,"2020-02-08","deposit",772,1164
432,"2020-02-08","withdrawal",758,406
432,"2020-02-10","withdrawal",836,-430
432,"2020-02-12","purchase",46,-476
432,"2020-02-14","deposit",984,508
432,"2020-02-25","deposit",478,986
432,"2020-03-15","deposit",907,1893
432,"2020-03-31","purchase",930,963
432,"2020-04-01","deposit",177,1140
432,"2020-04-01","deposit",509,1649
432,"2020-04-01","deposit",658,2307
432,"2020-04-03","deposit",337,2644
432,"2020-04-03","deposit",38,2682
432,"2020-04-12","purchase",565,2117
432,"2020-04-20","deposit",318,2435
433,"2020-01-15","deposit",142,142
433,"2020-01-27","deposit",287,429
433,"2020-01-29","deposit",454,883
433,"2020-02-02","deposit",633,1516
433,"2020-02-14","purchase",325,1191
433,"2020-02-28","deposit",95,1286
433,"2020-03-24","withdrawal",626,660
434,"2020-01-14","deposit",686,686
434,"2020-01-16","deposit",316,1002
434,"2020-01-29","withdrawal",775,227
434,"2020-01-31","deposit",896,1123
434,"2020-02-08","purchase",781,342
434,"2020-02-12","withdrawal",191,151
434,"2020-02-17","purchase",734,-583
434,"2020-02-18","deposit",906,323
434,"2020-02-27","purchase",440,-117
434,"2020-03-06","deposit",792,675
434,"2020-03-06","withdrawal",437,238
434,"2020-03-10","withdrawal",758,-520
434,"2020-03-15","purchase",620,-1140
434,"2020-03-17","purchase",509,-1649
434,"2020-03-18","withdrawal",539,-2188
434,"2020-03-21","purchase",466,-2654
434,"2020-03-25","deposit",288,-2366
434,"2020-04-02","purchase",141,-2507
434,"2020-04-07","deposit",692,-1815
435,"2020-01-01","deposit",627,627
435,"2020-01-02","purchase",778,-151
435,"2020-01-03","deposit",702,551
435,"2020-01-05","withdrawal",965,-414
435,"2020-01-05","deposit",118,-296
435,"2020-01-06","deposit",419,123
435,"2020-01-07","deposit",20,143
435,"2020-01-07","purchase",543,-400
435,"2020-01-17","deposit",534,134
435,"2020-01-23","purchase",542,-408
435,"2020-01-25","withdrawal",921,-1329
435,"2020-02-13","deposit",386,-943
435,"2020-02-14","deposit",337,-606
435,"2020-02-26","deposit",568,-38
435,"2020-03-09","withdrawal",382,-420
435,"2020-03-11","withdrawal",599,-1019
435,"2020-03-17","purchase",310,-1329
435,"2020-03-18","purchase",108,-1437
435,"2020-03-23","withdrawal",545,-1982
435,"2020-03-23","deposit",33,-1949
435,"2020-03-25","deposit",508,-1441
435,"2020-03-28","deposit",265,-1176
436,"2020-01-05","deposit",401,401
436,"2020-01-16","deposit",516,917
436,"2020-02-05","purchase",31,886
436,"2020-03-03","purchase",304,582
436,"2020-03-09","withdrawal",248,334
436,"2020-03-13","withdrawal",917,-583
436,"2020-03-29","purchase",93,-676
437,"2020-01-05","deposit",935,935
437,"2020-01-05","withdrawal",951,-16
437,"2020-01-17","withdrawal",345,-361
437,"2020-02-11","withdrawal",80,-441
437,"2020-02-11","purchase",657,-1098
437,"2020-02-12","purchase",439,-1537
437,"2020-03-16","purchase",86,-1623
437,"2020-03-17","deposit",305,-1318
437,"2020-04-02","deposit",184,-1134
438,"2020-01-01","deposit",261,261
438,"2020-01-12","deposit",705,966
438,"2020-01-13","withdrawal",68,898
438,"2020-01-20","withdrawal",538,360
438,"2020-01-31","deposit",957,1317
438,"2020-02-01","purchase",93,1224
438,"2020-02-12","withdrawal",159,1065
438,"2020-02-13","deposit",890,1955
438,"2020-02-26","deposit",858,2813
438,"2020-03-07","deposit",273,3086
438,"2020-03-08","withdrawal",802,2284
438,"2020-03-25","purchase",861,1423
439,"2020-01-26","deposit",430,430
439,"2020-03-04","withdrawal",916,-486
439,"2020-03-13","deposit",105,-381
439,"2020-04-12","deposit",699,318
440,"2020-01-03","deposit",45,45
440,"2020-01-04","withdrawal",168,-123
440,"2020-02-18","deposit",269,146
440,"2020-03-04","deposit",585,731
440,"2020-03-26","withdrawal",241,490
441,"2020-01-12","deposit",418,418
441,"2020-01-13","withdrawal",207,211
441,"2020-01-18","withdrawal",540,-329
441,"2020-02-03","deposit",177,-152
441,"2020-02-05","deposit",919,767
441,"2020-02-06","deposit",363,1130
441,"2020-02-17","withdrawal",195,935
441,"2020-02-24","purchase",190,745
441,"2020-03-06","withdrawal",229,516
441,"2020-03-16","purchase",634,-118
441,"2020-03-18","deposit",37,-81
441,"2020-03-20","purchase",917,-998
441,"2020-03-24","deposit",856,-142
441,"2020-03-24","deposit",8,-134
441,"2020-03-25","withdrawal",535,-669
441,"2020-04-02","purchase",8,-677
441,"2020-04-04","deposit",392,-285
441,"2020-04-04","purchase",520,-805
441,"2020-04-08","withdrawal",24,-829
441,"2020-04-09","deposit",237,-592
441,"2020-04-10","purchase",206,-798
442,"2020-01-26","deposit",553,553
442,"2020-01-27","purchase",881,-328
442,"2020-01-28","deposit",470,142
442,"2020-02-11","purchase",835,-693
442,"2020-02-11","purchase",240,-933
442,"2020-02-20","withdrawal",156,-1089
442,"2020-02-20","withdrawal",361,-1450
442,"2020-02-21","purchase",638,-2088
442,"2020-02-23","purchase",810,-2898
442,"2020-03-02","withdrawal",728,-3626
442,"2020-03-02","withdrawal",745,-4371
442,"2020-03-09","purchase",661,-5032
442,"2020-03-13","deposit",741,-4291
442,"2020-03-19","withdrawal",309,-4600
442,"2020-03-20","withdrawal",824,-5424
442,"2020-03-31","deposit",904,-4520
442,"2020-04-04","purchase",938,-5458
442,"2020-04-06","purchase",385,-5843
442,"2020-04-15","deposit",359,-5484
442,"2020-04-21","deposit",824,-4660
442,"2020-04-24","withdrawal",839,-5499
443,"2020-01-28","deposit",760,760
443,"2020-02-21","withdrawal",57,703
443,"2020-02-23","withdrawal",592,111
443,"2020-02-29","deposit",599,710
443,"2020-03-02","purchase",845,-135
443,"2020-03-22","purchase",377,-512
443,"2020-03-28","deposit",561,49
443,"2020-03-31","purchase",408,-359
443,"2020-04-04","deposit",348,-11
444,"2020-01-10","deposit",669,669
444,"2020-01-11","purchase",586,83
444,"2020-02-02","purchase",14,69
444,"2020-02-09","withdrawal",805,-736
444,"2020-02-10","withdrawal",442,-1178
444,"2020-03-07","deposit",906,-272
444,"2020-03-09","deposit",822,550
444,"2020-03-25","purchase",378,172
444,"2020-03-30","withdrawal",671,-499
444,"2020-04-08","withdrawal",321,-820
445,"2020-01-25","deposit",832,832
445,"2020-01-25","deposit",836,1668
445,"2020-01-26","purchase",635,1033
445,"2020-01-29","deposit",331,1364
445,"2020-02-06","deposit",471,1835
445,"2020-02-07","purchase",982,853
445,"2020-02-12","withdrawal",374,479
445,"2020-02-17","deposit",415,894
445,"2020-03-05","withdrawal",144,750
445,"2020-03-05","deposit",428,1178
445,"2020-03-11","withdrawal",454,724
445,"2020-04-01","withdrawal",395,329
445,"2020-04-06","purchase",303,26
445,"2020-04-17","deposit",663,689
445,"2020-04-17","withdrawal",371,318
445,"2020-04-20","deposit",477,795
445,"2020-04-22","withdrawal",483,312
446,"2020-01-15","deposit",412,412
446,"2020-03-04","withdrawal",837,-425
446,"2020-03-23","deposit",372,-53
446,"2020-04-03","deposit",458,405
447,"2020-01-03","deposit",188,188
447,"2020-01-05","deposit",303,491
447,"2020-01-05","deposit",761,1252
447,"2020-01-14","purchase",172,1080
447,"2020-01-15","deposit",761,1841
447,"2020-01-20","withdrawal",657,1184
447,"2020-01-23","deposit",11,1195
447,"2020-02-22","withdrawal",758,437
447,"2020-02-28","withdrawal",396,41
447,"2020-03-13","withdrawal",539,-498
447,"2020-03-19","withdrawal",816,-1314
447,"2020-03-24","deposit",24,-1290
448,"2020-01-30","deposit",759,759
448,"2020-01-31","deposit",601,1360
448,"2020-02-05","withdrawal",948,412
448,"2020-02-07","purchase",737,-325
448,"2020-02-12","deposit",566,241
448,"2020-02-22","withdrawal",416,-175
448,"2020-02-27","withdrawal",734,-909
448,"2020-03-04","deposit",334,-575
448,"2020-03-06","deposit",135,-440
448,"2020-03-20","withdrawal",497,-937
448,"2020-03-25","purchase",882,-1819
448,"2020-03-29","withdrawal",247,-2066
448,"2020-03-29","deposit",24,-2042
448,"2020-04-01","deposit",511,-1531
448,"2020-04-03","deposit",339,-1192
448,"2020-04-03","deposit",176,-1016
448,"2020-04-05","withdrawal",667,-1683
448,"2020-04-21","purchase",795,-2478
448,"2020-04-21","deposit",817,-1661
448,"2020-04-27","withdrawal",34,-1695
448,"2020-04-27","withdrawal",723,-2418
449,"2020-01-06","deposit",352,352
449,"2020-01-07","withdrawal",476,-124
449,"2020-01-13","purchase",753,-877
449,"2020-01-16","purchase",393,-1270
449,"2020-01-20","purchase",324,-1594
449,"2020-01-23","withdrawal",831,-2425
449,"2020-01-30","withdrawal",539,-2964
449,"2020-01-31","withdrawal",136,-3100
449,"2020-02-05","purchase",493,-3593
449,"2020-02-13","purchase",289,-3882
449,"2020-02-13","withdrawal",792,-4674
449,"2020-02-17","deposit",746,-3928
449,"2020-03-29","deposit",883,-3045
450,"2020-01-11","deposit",890,890
450,"2020-01-12","withdrawal",366,524
450,"2020-01-17","deposit",883,1407
450,"2020-01-30","withdrawal",938,469
450,"2020-02-16","purchase",628,-159
450,"2020-03-03","withdrawal",578,-737
450,"2020-04-05","deposit",701,-36
451,"2020-01-30","deposit",910,910
451,"2020-02-06","purchase",853,57
451,"2020-02-19","withdrawal",563,-506
451,"2020-02-28","withdrawal",807,-1313
451,"2020-03-13","deposit",668,-645
451,"2020-04-06","withdrawal",117,-762
451,"2020-04-09","withdrawal",595,-1357
451,"2020-04-19","deposit",601,-756
452,"2020-01-01","deposit",441,441
452,"2020-01-07","deposit",919,1360
452,"2020-02-15","purchase",718,642
452,"2020-02-15","deposit",865,1507
452,"2020-02-19","deposit",536,2043
452,"2020-02-26","deposit",154,2197
452,"2020-02-27","withdrawal",543,1654
452,"2020-03-09","deposit",416,2070
452,"2020-03-27","purchase",457,1613
453,"2020-01-25","deposit",638,638
453,"2020-02-04","deposit",171,809
453,"2020-02-16","purchase",765,44
453,"2020-02-22","deposit",386,430
453,"2020-02-27","deposit",381,811
453,"2020-03-01","withdrawal",5,806
453,"2020-03-14","purchase",652,154
453,"2020-03-20","withdrawal",134,20
453,"2020-03-26","withdrawal",615,-595
453,"2020-04-13","purchase",127,-722
453,"2020-04-21","deposit",839,117
454,"2020-01-08","deposit",603,603
454,"2020-01-16","deposit",409,1012
454,"2020-01-28","purchase",120,892
454,"2020-01-29","purchase",881,11
454,"2020-02-01","deposit",678,689
454,"2020-02-01","deposit",622,1311
454,"2020-02-26","deposit",852,2163
454,"2020-03-01","withdrawal",471,1692
454,"2020-03-01","purchase",309,1383
454,"2020-03-04","deposit",411,1794
454,"2020-03-10","deposit",342,2136
454,"2020-03-27","deposit",48,2184
454,"2020-03-31","deposit",800,2984
454,"2020-03-31","purchase",883,2101
455,"2020-01-07","deposit",329,329
455,"2020-03-09","withdrawal",887,-558
455,"2020-03-25","deposit",327,-231
456,"2020-01-07","deposit",753,753
456,"2020-01-09","deposit",561,1314
456,"2020-02-01","withdrawal",480,834
456,"2020-02-09","deposit",351,1185
456,"2020-02-14","deposit",910,2095
456,"2020-02-17","withdrawal",537,1558
456,"2020-02-20","deposit",622,2180
456,"2020-02-21","withdrawal",892,1288
456,"2020-02-24","deposit",460,1748
456,"2020-02-25","withdrawal",521,1227
456,"2020-02-26","purchase",483,744
456,"2020-03-05","deposit",665,1409
456,"2020-03-13","purchase",952,457
456,"2020-03-20","purchase",743,-286
456,"2020-03-20","deposit",403,117
456,"2020-03-21","deposit",278,395
456,"2020-03-28","withdrawal",450,-55
456,"2020-04-03","deposit",270,215
456,"2020-04-03","withdrawal",203,12
457,"2020-01-23","deposit",657,657
457,"2020-01-24","withdrawal",462,195
457,"2020-02-12","deposit",300,495
457,"2020-02-26","withdrawal",729,-234
457,"2020-03-13","deposit",341,107
457,"2020-03-18","deposit",248,355
457,"2020-03-20","purchase",962,-607
457,"2020-03-30","purchase",107,-714
457,"2020-04-13","deposit",467,-247
457,"2020-04-19","purchase",471,-718
458,"2020-01-04","deposit",715,715
458,"2020-02-14","withdrawal",905,-190
458,"2020-02-17","withdrawal",463,-653
459,"2020-01-13","deposit",857,857
459,"2020-01-16","purchase",611,246
459,"2020-02-02","deposit",168,414
459,"2020-02-13","withdrawal",971,-557
459,"2020-02-16","purchase",456,-1013
459,"2020-02-17","purchase",585,-1598
459,"2020-02-19","deposit",247,-1351
459,"2020-02-23","purchase",138,-1489
459,"2020-02-24","purchase",543,-2032
459,"2020-02-25","withdrawal",880,-2912
459,"2020-03-01","deposit",457,-2455
459,"2020-03-14","deposit",15,-2440
459,"2020-03-19","purchase",394,-2834
460,"2020-01-29","deposit",80,80
460,"2020-02-14","deposit",552,632
460,"2020-02-21","withdrawal",966,-334
460,"2020-02-21","deposit",126,-208
460,"2020-02-25","withdrawal",483,-691
460,"2020-02-26","purchase",467,-1158
460,"2020-03-27","purchase",994,-2152
460,"2020-03-28","deposit",977,-1175
460,"2020-04-02","deposit",848,-327
461,"2020-01-01","deposit",840,840
461,"2020-01-01","deposit",788,1628
461,"2020-01-10","deposit",752,2380
461,"2020-01-18","deposit",386,2766
461,"2020-01-18","withdrawal",158,2608
461,"2020-01-19","deposit",400,3008
461,"2020-01-21","purchase",736,2272
461,"2020-01-21","withdrawal",5,2267
461,"2020-02-05","deposit",901,3168
461,"2020-02-06","withdrawal",508,2660
461,"2020-02-09","deposit",771,3431
461,"2020-03-04","purchase",219,3212
462,"2020-01-26","withdrawal",106,-106
462,"2020-01-26","deposit",614,508
462,"2020-01-27","withdrawal",106,402
462,"2020-01-30","deposit",505,907
462,"2020-02-05","deposit",641,1548
462,"2020-02-06","withdrawal",77,1471
462,"2020-02-07","purchase",912,559
462,"2020-02-08","deposit",249,808
462,"2020-02-14","withdrawal",239,569
462,"2020-02-15","withdrawal",579,-10
462,"2020-03-02","purchase",386,-396
462,"2020-03-02","withdrawal",359,-755
462,"2020-03-03","deposit",144,-611
462,"2020-03-03","withdrawal",713,-1324
462,"2020-03-19","deposit",610,-714
462,"2020-03-27","withdrawal",117,-831
462,"2020-04-01","purchase",200,-1031
462,"2020-04-10","withdrawal",510,-1541
462,"2020-04-13","withdrawal",994,-2535
462,"2020-04-18","deposit",801,-1734
462,"2020-04-18","deposit",339,-1395
463,"2020-01-21","deposit",881,881
463,"2020-01-27","deposit",285,1166
463,"2020-02-02","purchase",760,406
463,"2020-02-13","deposit",81,487
463,"2020-02-16","withdrawal",835,-348
463,"2020-02-25","deposit",660,312
463,"2020-03-07","deposit",822,1134
463,"2020-03-08","withdrawal",542,592
463,"2020-03-08","withdrawal",731,-139
463,"2020-03-10","deposit",444,305
463,"2020-03-17","deposit",102,407
463,"2020-03-30","deposit",266,673
463,"2020-04-16","purchase",393,280
464,"2020-01-17","deposit",953,953
464,"2020-03-24","purchase",609,344
464,"2020-03-27","withdrawal",855,-511
464,"2020-04-11","purchase",983,-1494
465,"2020-01-28","deposit",955,955
465,"2020-02-01","withdrawal",766,189
465,"2020-02-11","deposit",775,964
465,"2020-02-18","withdrawal",34,930
465,"2020-02-22","deposit",238,1168
465,"2020-02-26","deposit",821,1989
465,"2020-03-25","purchase",483,1506
465,"2020-04-06","purchase",156,1350
466,"2020-01-17","deposit",80,80
466,"2020-02-11","deposit",143,223
466,"2020-02-15","purchase",991,-768
466,"2020-02-17","withdrawal",288,-1056
466,"2020-02-27","withdrawal",923,-1979
466,"2020-03-17","deposit",63,-1916
466,"2020-03-19","withdrawal",197,-2113
467,"2020-01-19","deposit",738,738
467,"2020-01-20","deposit",786,1524
467,"2020-01-20","deposit",432,1956
467,"2020-01-24","deposit",314,2270
467,"2020-01-29","purchase",514,1756
467,"2020-01-29","deposit",238,1994
467,"2020-02-07","deposit",1,1995
467,"2020-02-14","deposit",968,2963
467,"2020-02-16","deposit",556,3519
467,"2020-02-19","deposit",819,4338
467,"2020-02-21","withdrawal",173,4165
467,"2020-02-22","withdrawal",612,3553
467,"2020-02-27","deposit",29,3582
467,"2020-03-03","withdrawal",978,2604
467,"2020-03-06","deposit",852,3456
467,"2020-03-10","purchase",129,3327
467,"2020-03-12","purchase",809,2518
467,"2020-03-12","purchase",368,2150
467,"2020-03-26","deposit",116,2266
467,"2020-03-28","deposit",488,2754
467,"2020-04-03","withdrawal",691,2063
467,"2020-04-06","withdrawal",873,1190
468,"2020-01-25","deposit",939,939
468,"2020-01-29","purchase",900,39
468,"2020-02-14","purchase",902,-863
468,"2020-02-19","deposit",708,-155
468,"2020-03-02","deposit",40,-115
468,"2020-03-02","withdrawal",26,-141
468,"2020-03-18","purchase",776,-917
469,"2020-01-17","deposit",297,297
469,"2020-01-30","deposit",89,386
469,"2020-02-04","deposit",914,1300
469,"2020-02-13","deposit",140,1440
469,"2020-02-17","withdrawal",630,810
469,"2020-02-21","deposit",883,1693
469,"2020-02-28","deposit",468,2161
469,"2020-03-01","withdrawal",789,1372
469,"2020-03-03","withdrawal",295,1077
469,"2020-03-08","deposit",437,1514
469,"2020-03-08","purchase",761,753
469,"2020-03-23","deposit",15,768
469,"2020-03-24","purchase",703,65
469,"2020-03-26","purchase",867,-802
469,"2020-04-10","purchase",735,-1537
470,"2020-01-08","deposit",942,942
470,"2020-01-18","withdrawal",565,377
470,"2020-02-14","withdrawal",688,-311
471,"2020-01-13","deposit",781,781
471,"2020-03-02","deposit",197,978
471,"2020-03-07","deposit",211,1189
471,"2020-03-09","deposit",49,1238
471,"2020-04-09","deposit",649,1887
472,"2020-01-18","deposit",495,495
472,"2020-01-19","withdrawal",527,-32
472,"2020-01-29","deposit",843,811
472,"2020-02-01","purchase",347,464
472,"2020-02-11","purchase",666,-202
472,"2020-02-27","deposit",87,-115
472,"2020-03-05","deposit",78,-37
472,"2020-03-06","withdrawal",499,-536
472,"2020-03-08","deposit",362,-174
472,"2020-03-20","deposit",182,8
472,"2020-03-21","withdrawal",513,-505
472,"2020-03-30","deposit",537,32
472,"2020-04-01","purchase",865,-833
472,"2020-04-01","purchase",12,-845
472,"2020-04-04","deposit",405,-440
472,"2020-04-06","purchase",903,-1343
472,"2020-04-07","deposit",557,-786
472,"2020-04-07","deposit",115,-671
472,"2020-04-08","deposit",418,-253
472,"2020-04-14","deposit",920,667
472,"2020-04-16","purchase",449,218
473,"2020-01-17","deposit",657,657
473,"2020-01-27","deposit",909,1566
473,"2020-01-29","purchase",834,732
473,"2020-01-31","purchase",915,-183
473,"2020-02-06","withdrawal",244,-427
473,"2020-02-26","withdrawal",437,-864
473,"2020-03-01","purchase",900,-1764
473,"2020-03-04","withdrawal",168,-1932
473,"2020-03-10","withdrawal",954,-2886
473,"2020-03-12","deposit",375,-2511
473,"2020-03-16","purchase",709,-3220
473,"2020-03-28","purchase",116,-3336
473,"2020-03-30","withdrawal",303,-3639
473,"2020-03-31","deposit",9,-3630
473,"2020-04-02","purchase",578,-4208
473,"2020-04-05","withdrawal",721,-4929
473,"2020-04-08","withdrawal",843,-5772
474,"2020-01-02","deposit",928,928
474,"2020-02-08","withdrawal",789,139
474,"2020-03-08","withdrawal",398,-259
475,"2020-01-03","deposit",552,552
475,"2020-01-09","deposit",713,1265
475,"2020-01-10","withdrawal",981,284
475,"2020-01-10","withdrawal",476,-192
475,"2020-01-17","purchase",72,-264
475,"2020-01-21","deposit",525,261
475,"2020-01-23","withdrawal",849,-588
475,"2020-01-26","purchase",85,-673
475,"2020-02-11","deposit",222,-451
475,"2020-02-13","purchase",614,-1065
475,"2020-02-28","withdrawal",952,-2017
475,"2020-02-28","deposit",51,-1966
475,"2020-03-01","withdrawal",970,-2936
475,"2020-03-03","purchase",710,-3646
475,"2020-03-05","withdrawal",523,-4169
475,"2020-03-16","withdrawal",522,-4691
475,"2020-03-19","purchase",4,-4695
475,"2020-03-20","withdrawal",535,-5230
475,"2020-03-24","deposit",596,-4634
475,"2020-03-28","purchase",439,-5073
476,"2020-01-27","deposit",392,392
476,"2020-01-31","withdrawal",868,-476
476,"2020-02-15","deposit",567,91
476,"2020-02-17","purchase",227,-136
476,"2020-02-17","purchase",314,-450
476,"2020-02-18","purchase",826,-1276
476,"2020-02-19","purchase",689,-1965
476,"2020-02-26","withdrawal",507,-2472
476,"2020-02-28","deposit",469,-2003
476,"2020-03-03","deposit",551,-1452
476,"2020-03-10","purchase",395,-1847
476,"2020-03-21","purchase",575,-2422
476,"2020-03-29","withdrawal",943,-3365
476,"2020-04-04","deposit",851,-2514
476,"2020-04-05","purchase",581,-3095
476,"2020-04-06","purchase",916,-4011
476,"2020-04-09","withdrawal",338,-4349
476,"2020-04-11","purchase",654,-5003
476,"2020-04-23","purchase",898,-5901
476,"2020-04-25","deposit",929,-4972
477,"2020-01-04","deposit",101,101
477,"2020-01-06","purchase",209,-108
477,"2020-01-08","withdrawal",589,-697
477,"2020-01-13","withdrawal",894,-1591
477,"2020-01-14","purchase",235,-1826
477,"2020-01-22","withdrawal",429,-2255
477,"2020-01-31","withdrawal",351,-2606
477,"2020-01-31","purchase",428,-3034
477,"2020-02-02","withdrawal",274,-3308
477,"2020-02-03","withdrawal",193,-3501
477,"2020-02-06","withdrawal",935,-4436
477,"2020-02-29","purchase",156,-4592
477,"2020-03-15","withdrawal",531,-5123
477,"2020-03-16","deposit",624,-4499
477,"2020-03-17","withdrawal",444,-4943
477,"2020-03-28","purchase",849,-5792
477,"2020-03-29","withdrawal",746,-6538
478,"2020-01-08","deposit",351,351
478,"2020-01-08","withdrawal",8,343
478,"2020-01-15","purchase",88,255
478,"2020-01-26","purchase",967,-712
478,"2020-02-05","deposit",844,132
478,"2020-02-18","deposit",968,1100
478,"2020-02-22","deposit",761,1861
478,"2020-02-26","deposit",330,2191
478,"2020-02-29","deposit",87,2278
478,"2020-03-03","deposit",434,2712
478,"2020-03-07","deposit",55,2767
478,"2020-03-09","withdrawal",680,2087
479,"2020-01-23","deposit",320,320
479,"2020-02-29","purchase",647,-327
479,"2020-03-31","deposit",840,513
480,"2020-01-29","deposit",522,522
480,"2020-03-22","purchase",757,-235
480,"2020-04-11","deposit",553,318
480,"2020-04-14","purchase",478,-160
480,"2020-04-21","withdrawal",5,-165
481,"2020-01-02","deposit",42,42
481,"2020-01-08","purchase",606,-564
481,"2020-01-08","purchase",790,-1354
481,"2020-01-13","withdrawal",42,-1396
481,"2020-02-10","withdrawal",879,-2275
481,"2020-02-17","withdrawal",123,-2398
481,"2020-02-27","purchase",507,-2905
481,"2020-03-09","withdrawal",431,-3336
481,"2020-03-16","withdrawal",179,-3515
481,"2020-03-16","withdrawal",726,-4241
481,"2020-03-25","deposit",39,-4202
481,"2020-03-29","deposit",808,-3394
482,"2020-01-01","deposit",674,674
482,"2020-01-06","withdrawal",547,127
482,"2020-01-09","withdrawal",60,67
482,"2020-01-19","deposit",764,831
482,"2020-01-29","withdrawal",445,386
482,"2020-02-04","withdrawal",656,-270
482,"2020-02-19","withdrawal",26,-296
482,"2020-02-22","withdrawal",597,-893
482,"2020-02-25","deposit",206,-687
482,"2020-03-05","purchase",646,-1333
482,"2020-03-05","deposit",413,-920
482,"2020-03-05","withdrawal",336,-1256
483,"2020-01-18","deposit",481,481
483,"2020-01-24","deposit",588,1069
483,"2020-01-24","deposit",126,1195
483,"2020-01-27","purchase",36,1159
483,"2020-01-30","deposit",879,2038
483,"2020-03-06","withdrawal",371,1667
483,"2020-03-06","deposit",837,2504
483,"2020-03-07","deposit",299,2803
483,"2020-03-12","withdrawal",892,1911
483,"2020-03-14","withdrawal",199,1712
483,"2020-03-28","withdrawal",975,737
483,"2020-03-30","withdrawal",926,-189
483,"2020-04-03","deposit",293,104
483,"2020-04-14","deposit",650,754
483,"2020-04-15","deposit",576,1330
484,"2020-01-28","deposit",871,871
484,"2020-03-23","withdrawal",56,815
484,"2020-03-25","deposit",981,1796
485,"2020-01-03","deposit",524,524
485,"2020-01-21","purchase",508,16
485,"2020-02-11","deposit",827,843
485,"2020-02-17","deposit",664,1507
485,"2020-03-01","deposit",877,2384
485,"2020-03-14","withdrawal",802,1582
485,"2020-03-24","deposit",620,2202
486,"2020-01-11","deposit",412,412
486,"2020-01-21","withdrawal",308,104
486,"2020-01-22","purchase",854,-750
486,"2020-01-30","withdrawal",882,-1632
486,"2020-02-08","withdrawal",618,-2250
486,"2020-03-10","withdrawal",858,-3108
487,"2020-01-15","deposit",39,39
487,"2020-01-17","deposit",24,63
487,"2020-01-18","deposit",372,435
487,"2020-01-25","purchase",451,-16
487,"2020-01-31","purchase",556,-572
487,"2020-02-03","withdrawal",118,-690
487,"2020-02-05","withdrawal",620,-1310
487,"2020-02-05","deposit",861,-449
487,"2020-02-06","purchase",702,-1151
487,"2020-02-16","deposit",421,-730
487,"2020-02-21","deposit",165,-565
487,"2020-02-22","deposit",877,312
487,"2020-03-24","withdrawal",150,162
487,"2020-04-03","purchase",965,-803
487,"2020-04-11","deposit",473,-330
488,"2020-01-08","deposit",304,304
488,"2020-01-11","withdrawal",547,-243
488,"2020-02-04","deposit",191,-52
488,"2020-02-21","deposit",349,297
488,"2020-03-11","withdrawal",709,-412
488,"2020-04-01","deposit",221,-191
489,"2020-01-15","deposit",556,556
489,"2020-02-10","deposit",545,1101
489,"2020-02-16","purchase",603,498
489,"2020-02-17","deposit",770,1268
489,"2020-02-28","deposit",540,1808
489,"2020-03-09","deposit",912,2720
489,"2020-03-10","deposit",981,3701
489,"2020-03-23","purchase",63,3638
489,"2020-03-26","purchase",527,3111
489,"2020-03-28","deposit",231,3342
489,"2020-04-05","withdrawal",31,3311
489,"2020-04-09","deposit",673,3984
489,"2020-04-10","deposit",826,4810
489,"2020-04-11","withdrawal",114,4696
489,"2020-04-11","purchase",66,4630
489,"2020-04-12","deposit",523,5153
489,"2020-04-12","deposit",185,5338
490,"2020-01-23","deposit",271,271
490,"2020-02-25","deposit",447,718
490,"2020-02-28","purchase",376,342
490,"2020-04-07","purchase",318,24
491,"2020-01-08","deposit",18,18
491,"2020-01-19","withdrawal",837,-819
491,"2020-01-27","deposit",943,124
491,"2020-01-30","purchase",127,-3
491,"2020-02-07","deposit",3,0
491,"2020-02-09","deposit",442,442
491,"2020-02-11","withdrawal",656,-214
491,"2020-02-24","deposit",512,298
491,"2020-03-04","withdrawal",334,-36
491,"2020-03-04","withdrawal",921,-957
491,"2020-03-08","purchase",526,-1483
491,"2020-03-12","deposit",892,-591
491,"2020-03-18","withdrawal",759,-1350
491,"2020-03-28","purchase",969,-2319
492,"2020-01-05","deposit",812,812
492,"2020-01-10","purchase",881,-69
492,"2020-01-13","purchase",368,-437
492,"2020-01-19","withdrawal",418,-855
492,"2020-01-27","purchase",999,-1854
492,"2020-01-29","deposit",171,-1683
492,"2020-01-30","deposit",945,-738
492,"2020-02-15","withdrawal",674,-1412
492,"2020-02-28","deposit",13,-1399
492,"2020-03-07","purchase",32,-1431
492,"2020-03-09","purchase",53,-1484
492,"2020-03-10","deposit",299,-1185
492,"2020-03-14","withdrawal",367,-1552
492,"2020-03-27","withdrawal",581,-2133
493,"2020-01-15","deposit",845,845
493,"2020-02-14","withdrawal",483,362
493,"2020-02-14","deposit",173,535
493,"2020-02-20","withdrawal",894,-359
493,"2020-02-29","withdrawal",465,-824
493,"2020-04-07","deposit",918,94
493,"2020-04-12","withdrawal",832,-738
494,"2020-01-20","deposit",529,529
494,"2020-02-03","withdrawal",286,243
494,"2020-02-13","deposit",666,909
494,"2020-03-12","deposit",538,1447
495,"2020-01-17","deposit",433,433
495,"2020-01-24","purchase",719,-286
495,"2020-02-17","purchase",422,-708
495,"2020-02-17","deposit",32,-676
495,"2020-02-27","withdrawal",762,-1438
495,"2020-03-21","deposit",811,-627
495,"2020-03-28","deposit",538,-89
496,"2020-01-06","deposit",47,47
496,"2020-02-11","withdrawal",989,-942
496,"2020-02-19","purchase",939,-1881
496,"2020-02-19","withdrawal",614,-2495
496,"2020-02-22","withdrawal",581,-3076
496,"2020-03-14","deposit",650,-2426
497,"2020-01-30","deposit",754,754
497,"2020-02-15","purchase",291,463
497,"2020-02-17","deposit",540,1003
497,"2020-03-07","deposit",736,1739
497,"2020-04-21","deposit",942,2681
497,"2020-04-24","purchase",1,2680
498,"2020-01-19","deposit",774,774
498,"2020-01-28","deposit",277,1051
498,"2020-01-31","deposit",309,1360
498,"2020-02-05","deposit",835,2195
498,"2020-03-12","deposit",225,2420
498,"2020-03-16","deposit",296,2716
498,"2020-03-25","deposit",973,3689
498,"2020-03-25","purchase",700,2989
498,"2020-04-16","deposit",499,3488
499,"2020-01-02","deposit",147,147
499,"2020-01-04","deposit",849,996
499,"2020-01-12","withdrawal",934,62
499,"2020-01-15","purchase",71,-9
499,"2020-01-18","deposit",150,141
499,"2020-01-20","withdrawal",699,-558
499,"2020-01-31","deposit",254,-304
499,"2020-02-10","deposit",925,621
499,"2020-02-11","purchase",416,205
499,"2020-02-17","withdrawal",228,-23
499,"2020-02-20","deposit",547,524
499,"2020-02-20","deposit",891,1415
499,"2020-03-01","purchase",279,1136
499,"2020-03-04","purchase",367,769
499,"2020-03-12","deposit",754,1523
499,"2020-03-15","purchase",627,896
499,"2020-03-17","withdrawal",297,599
500,"2020-01-16","deposit",909,909
500,"2020-01-16","deposit",227,1136
500,"2020-01-18","deposit",308,1444
500,"2020-01-25","withdrawal",986,458
500,"2020-01-27","deposit",214,672
500,"2020-01-30","deposit",922,1594
500,"2020-02-01","deposit",715,2309
500,"2020-02-07","purchase",49,2260
500,"2020-02-23","deposit",721,2981
500,"2020-03-01","purchase",929,2052
500,"2020-03-02","deposit",862,2914
500,"2020-03-07","purchase",452,2462
500,"2020-03-11","purchase",426,2036
500,"2020-03-17","deposit",344,2380
500,"2020-03-22","withdrawal",954,1426
500,"2020-03-25","deposit",825,2251
